,Unnamed: 0,Team,Season,EndSeasonELO,QBAdjEndSeasonElo,QB,RB,WR,TE,OL,Offense,IDL,EDGE,LB,S,CB,Defense
0,0,Eagles,2013,1539.795,1554.69547658,0.10829398867313916,0.0825494498381877,0.15567952265372167,0.04457148867313916,0.2076448139158576,0.5987392637540453,0.04259438511326861,0.08285680420711974,0.0809451213592233,0.055988333333333334,0.04880855987055016,0.31119320388349514
1,1,Seahawks,2013,1765.956,1764.48429441,0.012597775080906148,0.08737583333333333,0.13617656148867313,0.10338825242718447,0.22617525080906148,0.5657136731391585,0.06230994336569579,0.20237728155339807,0.0596863430420712,0.0694143932038835,0.028380881877022653,0.4221688430420712
2,2,Titans,2013,1447.633,1437.31831808,0.05126988673139159,0.12440208737864078,0.10264478964401294,0.056468446601941745,0.21619728155339807,0.5509824919093851,0.05256090614886731,0.0710056067961165,0.04644688511326861,0.08719309061488673,0.07768994336569579,0.33489643203883496
3,3,Broncos,2013,1683.635,1667.95837239,0.1514263349514563,0.04102453074433657,0.08188150485436893,0.06483739482200647,0.20671864077669902,0.5458884061488674,0.05566454692556634,0.08280555825242718,0.0649730501618123,0.047688883495145634,0.14206492718446603,0.39319696601941745
4,4,Giants,2013,1489.916,1491.35548751,0.17798058252427185,0.040750315533980584,0.07020733009708738,0.024263050161812297,0.19608333333333333,0.5092846116504854,0.04141581715210356,0.07705350323624595,0.06405216019417476,0.10279118122977346,0.09063195792880259,0.3759446197411003
5,5,Texans,2013,1324.796,1351.11136572,0.09511529126213593,0.08758199029126214,0.11527242718446602,0.05621779126213592,0.1512206634304207,0.5054081634304207,0.12448813915857605,0.030506763754045308,0.061434571197411005,0.0632406715210356,0.13475546925566342,0.4144256148867314
6,6,Saints,2013,1608.105,1604.12090894,0.1471944579288026,0.07410800161812298,0.09449379449838188,0.026261739482200647,0.14684486245954692,0.488902855987055,0.05247071197411003,0.11591095469255663,0.08927318770226537,0.08058723300970874,0.09383793689320388,0.43208002427184466
7,7,Vikings,2013,1459.736,1438.52260169,0.06853199029126214,0.12744708737864077,0.08396667475728155,0.037073179611650485,0.16447436893203884,0.4814933009708738,0.09349567961165049,0.1986415857605178,0.10985392394822006,0.04604723300970874,0.03403599514563107,0.48207441747572816
8,8,Chargers,2013,1587.307,1578.05424802,0.12942165048543688,0.04208131067961165,0.08840127831715211,0.07116274271844661,0.14100506472491908,0.47207204692556637,0.05049696601941748,0.1119588996763754,0.0368531715210356,0.09296468446601942,0.0391552427184466,0.3314289644012945
9,9,Falcons,2013,1435.737,1425.67985753,0.08835064724919094,0.050914741100323624,0.14083043689320388,0.056133867313915856,0.1332042718446602,0.4694339644012945,0.07934302588996764,0.06585169902912621,0.06823404530744337,0.05865606796116505,0.07505000809061489,0.34713484627831714
10,10,Lions,2013,1456.038,1455.9109212,0.17440668284789643,0.03225735436893204,0.12446234627831715,0.034039457928802586,0.10195348705501618,0.4671193284789644,0.11870193365695793,0.06322246763754046,0.08469357605177993,0.03849784789644013,0.04962627022653722,0.35474209546925567
11,11,49ers,2013,1719.144,1724.73516463,0.023442839805825243,0.07428852750809062,0.13724253236245954,0.08551454692556634,0.14224236245954694,0.46273080906148867,0.08922720873786408,0.08247805825242718,0.062026796116504856,0.08654494336569579,0.10668075242718447,0.42695775889967635
12,12,Jets,2013,1446.08,1448.30952148,0.11940953074433656,0.0336127427184466,0.10365641585760518,0.02098515372168285,0.16731296116504854,0.4449768042071197,0.04407631877022654,0.03622159385113269,0.12300400485436894,0.02449930420711974,0.10538364077669903,0.3331848624595469
13,13,Packers,2013,1497.24,1531.23761283,0.1052831715210356,0.01965550161812298,0.08271828478964402,0.09176128640776698,0.13925164239482202,0.43866988673139157,0.12808410194174757,0.10235415857605178,0.07363095469255664,0.04020447411003236,0.11292186893203883,0.4571955582524272
14,14,Patriots,2013,1684.189,1678.16220596,0.11815495954692556,0.029792613268608416,0.07079137540453075,0.03358318770226537,0.18426771844660195,0.43658985436893205,0.12273058252427184,0.051947427184466016,0.08738811488673139,0.059762564724919094,0.06973128640776699,0.3915599757281553
15,15,Commanders,2013,1346.719,1351.58001185,0.04832497572815534,0.017903576051779935,0.15967088187702266,0.037583794498381874,0.16201953074433656,0.42550275889967637,0.11511123786407768,0.07404867313915858,0.08476281553398059,0.03737636731391586,0.05746303398058252,0.3687621278317152
16,16,Bears,2013,1487.86,1501.43626297,0.09123358414239482,0.09737998381877022,0.1341429368932039,0.02018608414239482,0.08148100323624595,0.4244235922330097,0.08899161003236246,0.15165667475728156,0.10122099514563107,0.03076257281553398,0.12439320388349515,0.4970250566343042
17,17,Panthers,2013,1612.531,1595.92337437,0.06132244336569579,0.07516545307443366,0.08932877022653722,0.03499190938511327,0.15356898058252427,0.4143775566343042,0.041231003236245956,0.09409258899676376,0.09980510517799353,0.053720493527508094,0.026249644012944984,0.3150988349514563
18,18,Cardinals,2013,1574.032,1564.93385142,0.049943309061488673,0.04293490291262136,0.12154098705501618,0.03580160194174757,0.15511076051779935,0.40533156148867316,0.16584142394822007,0.04326557443365696,0.0644338996763754,0.02273153721682848,0.08420631067961165,0.38047874595469255
19,19,Cowboys,2013,1499.061,1501.73162354,0.11180406148867314,0.018260606796116505,0.06570200647249191,0.04549966019417476,0.15753001618122978,0.3987963511326861,0.03344033171521035,0.16880910194174759,0.0589436003236246,0.029341132686084143,0.10213436893203884,0.3926685355987055
20,20,Colts,2013,1557.828,1550.42554025,0.06979405339805825,0.05821789644012945,0.09634693365695793,0.021162305825242717,0.15049716019417475,0.3960183495145631,0.10631383495145631,0.13348422330097087,0.036349344660194176,0.10779316343042071,0.07764083333333334,0.4615813996763754
21,21,Chiefs,2013,1502.672,1518.21784732,0.08663699838187702,0.04352552588996764,0.07013066343042071,0.027796521035598706,0.16754839805825242,0.3956381067961165,0.11132110841423948,0.14119446601941749,0.041112459546925564,0.10721217637540453,0.10596179611650486,0.506802006472492
22,22,Rams,2013,1516.625,1540.04072327,0.11088330097087379,0.021342588996763754,0.044334449838187705,0.050303843042071195,0.15566472491909386,0.3825289077669903,0.07585834142394822,0.1130038430420712,0.12711368932038836,0.029491877022653722,0.14120678802588996,0.48667453883495143
23,23,Buccaneers,2013,1401.742,1406.41222249,0.009582322006472492,0.03757890776699029,0.10877431229773463,0.019364919093851133,0.20473845469255664,0.3800389158576052,0.1195298786407767,0.04071320388349515,0.046961067961165046,0.10544966828478965,0.15794434466019416,0.4705981634304207
24,24,Steelers,2013,1553.346,1544.48574528,0.12453995145631068,0.02062816343042071,0.07119614886731392,0.07449412621359223,0.08767196601941747,0.37853035598705503,0.10183470873786407,0.10375252427184466,0.07407203883495146,0.1333365291262136,0.08956220873786408,0.5025580097087379
25,25,Jaguars,2013,1289.122,1284.98250016,0.06753711974110033,0.07292023462783172,0.05528210355987055,0.05793593851132686,0.11983883495145631,0.37351423139158574,0.03731399676375405,0.07543054207119741,0.10958737055016181,0.021291472491909384,0.028900258899676377,0.27252364077669905
26,26,Bengals,2013,1588.084,1566.02467546,0.023313778317152103,0.04652672330097087,0.07063326860841423,0.040494870550161814,0.1811500566343042,0.3621186974110032,0.1131057362459547,0.20047641585760517,0.06772389158576052,0.04720114077669903,0.13040697411003235,0.5589141585760518
27,27,Ravens,2013,1542.168,1521.32888328,0.05971947411003236,0.06421461974110032,0.06461820388349515,0.0320873786407767,0.13232132686084142,0.35296100323624596,0.13976838187702265,0.1563153074433657,0.03716019417475728,0.030852936893203883,0.08858641585760518,0.4526832362459547
28,28,Bills,2013,1431.774,1450.80871856,0.03773414239482201,0.06766073624595469,0.07264743527508091,0.03632417475728155,0.11695275889967638,0.33131924757281556,0.1343935275080906,0.10736245954692557,0.043809368932038836,0.08497915048543689,0.05719860841423948,0.4277431148867314
29,29,Dolphins,2013,1471.411,1461.48378955,0.047404571197411004,0.019517411003236246,0.06668991909385114,0.048601351132686085,0.14219264563106795,0.32440589805825243,0.12899771844660193,0.09585872977346278,0.07286818770226537,0.040672637540453076,0.10802552588996764,0.4464227993527508
30,30,Browns,2013,1332.799,1324.51805687,0.03374837378640777,0.017806496763754044,0.04584428802588997,0.021201674757281554,0.19246791262135923,0.3110687459546926,0.15936856796116505,0.11550894822006473,0.06282362459546925,0.020229110032362458,0.0884217718446602,0.4463520226537217
31,31,Raiders,2013,1303.569,1328.85947268,0.009276027508090616,0.09495051779935275,0.037294911003236245,0.012106496763754046,0.08313125404530744,0.2367592071197411,0.04177598705501618,0.01681836569579288,0.052977588996763754,0.05463021035598706,0.05487322006472492,0.022107532362459548
32,0,Falcons,2014,1440.528,1442.78066944,0.13967273684210527,0.052481413533834585,0.13508487218045112,0.009377789473684211,0.19910275187969925,0.5357195639097745,0.10813548120300752,0.07495692481203008,0.057645503759398496,0.0574853007518797,0.04016974436090225,0.33839295488721804
33,1,Broncos,2014,1640.491,1631.57428579,0.14006837593984964,0.020662127819548872,0.14113653383458646,0.027588684210526317,0.18966866165413535,0.5191243834586466,0.05564933082706767,0.13949466165413535,0.02994221804511278,0.053692646616541356,0.115191,0.39396985714285715
34,2,Saints,2014,1477.055,1475.40918124,0.14333923308270677,0.04059862406015038,0.09156946616541353,0.04713715037593985,0.19048846616541354,0.513132939849624,0.06715890977443609,0.03930988721804511,0.07550315789473684,0.06779975939849624,0.06245051127819549,0.31222222556390977
35,3,Chargers,2014,1531.285,1499.55746116,0.1342613984962406,0.06470590977443609,0.0815926015037594,0.07003827819548872,0.1501783984962406,0.5007765864661654,0.054704789473684214,0.09056594736842105,0.04529493984962406,0.09807681203007519,0.04651512030075188,0.33515760902255637
36,4,Rams,2014,1462.917,1459.72680593,0.14984962406015037,0.027331827067669172,0.0563155037593985,0.06497786466165413,0.19747375939849623,0.49594857894736843,0.09057901503759398,0.16322336090225564,0.0997941127819549,0.03163617293233083,0.027063894736842106,0.41229655639097745
37,5,Eagles,2014,1564.482,1612.59874861,0.028362684210526314,0.12342732330827068,0.0803988947368421,0.043007857142857146,0.22059824060150376,0.495795,0.0457765037593985,0.13376705263157895,0.07733322556390977,0.057169984962406016,0.10249842105263159,0.4165451879699248
38,6,Bears,2014,1376.341,1390.68872755,0.14450464661654136,0.07203642857142857,0.09247463157894736,0.054398097744360906,0.12473925563909774,0.48815306015037596,0.03184727819548872,0.1079123984962406,0.08034925563909774,0.033340436090225564,0.0882871954887218,0.3417365639097744
39,7,Dolphins,2014,1472.771,1469.967593,0.06785222556390977,0.03966308270676692,0.21501675939849624,0.01844521052631579,0.14398606015037593,0.48496333834586464,0.0643483082706767,0.12232995488721804,0.14963833834586465,0.05478283458646616,0.09476042105263158,0.4858598571428571
40,8,Vikings,2014,1466.355,1453.65458725,0.07727877443609023,0.10492408270676691,0.07736437593984963,0.029097947368421053,0.1813455789473684,0.47001075939849624,0.0738638120300752,0.12269322556390977,0.09805964661654136,0.02958393984962406,0.05958077443609022,0.3837813984962406
41,9,Texans,2014,1504.432,1534.68727025,0.03689972180451128,0.07110851879699248,0.14939125563909775,0.03317627819548872,0.1718875939849624,0.4624633684210526,0.06103397744360902,0.0606774962406015,0.06446723308270677,0.02349211278195489,0.13380114285714287,0.343471962406015
42,10,49ers,2014,1540.348,1519.35201111,0.04597236842105263,0.06295316541353384,0.10536860902255639,0.07040631578947368,0.17224515037593985,0.4569456090225564,0.1117166917293233,0.07488287218045113,0.10705387218045113,0.05294878947368421,0.05731696992481203,0.4039191954887218
43,11,Giants,2014,1466.792,1457.22195425,0.1579578947368421,0.03849724812030075,0.0971621954887218,0.015667857142857143,0.1428794135338346,0.4521646090225564,0.04640045112781955,0.05219784210526316,0.10937204511278195,0.1080253984962406,0.09021288721804512,0.4062086240601504
44,12,Lions,2014,1554.901,1571.84486164,0.12805765413533834,0.045737165413533835,0.13990057894736843,0.04142106766917293,0.08925682706766917,0.4443732932330827,0.21048572932330828,0.07604998496240602,0.10134921804511278,0.040165413533834585,0.030249421052631578,0.45829976691729324
45,13,Commanders,2014,1304.68,1339.99304386,0.05325508270676692,0.02013727067669173,0.13871294736842105,0.02881188721804511,0.20137894736842105,0.4422961353383459,0.1675378872180451,0.11347584210526315,0.03821633082706767,0.023637774436090227,0.0561003984962406,0.3989682330827068
46,14,Jets,2014,1407.73,1410.90130957,0.04062314285714286,0.04615206766917293,0.1136697969924812,0.024970924812030074,0.20305378947368422,0.42846972180451126,0.056404015037593985,0.05938078947368421,0.06966007518796992,0.03437118045112782,0.057176654135338345,0.27699271428571426
47,15,Titans,2014,1256.471,1280.49615945,0.045380263157894736,0.051850451127819545,0.0706320977443609,0.06040303007518797,0.1979050902255639,0.4261709323308271,0.10668404511278196,0.06811957142857143,0.04983702255639098,0.10532161654135339,0.08032526315789473,0.4102875187969925
48,16,Patriots,2014,1743.296,1730.94268599,0.11613560902255639,0.03411496992481203,0.1046883909774436,0.05541021804511278,0.11575282706766918,0.426102015037594,0.07907445112781955,0.042344255639097744,0.09657597744360902,0.06461191729323308,0.11414647368421052,0.39675307518796993
49,17,Chiefs,2014,1556.994,1562.94311512,0.06606721052631578,0.08643004511278196,0.1330242030075188,0.04635631578947368,0.0915746992481203,0.4234524736842105,0.10750331578947368,0.12343547368421053,0.05876428571428571,0.11144400751879699,0.06450546616541353,0.46565254887218044
50,18,Steelers,2014,1591.656,1578.10145807,0.16039953383458647,0.012549165413533835,0.05971916541353384,0.05900575939849624,0.11076326315789474,0.4024368872180451,0.0703786992481203,0.10096567669172932,0.11445233082706767,0.08084111278195488,0.10039281954887218,0.46703063909774434
51,19,Bengals,2014,1557.404,1559.10002038,0.08216633834586466,0.02748018045112782,0.08162493233082707,0.06205911278195489,0.14826296992481203,0.40159353383458646,0.1215088045112782,0.10975778947368421,0.10302530827067669,0.04912827819548872,0.13337744360902257,0.5167976240601504
52,20,Packers,2014,1649.058,1647.90301233,0.14491541353383458,0.021645887218045112,0.0706461879699248,0.01852966165413534,0.14197326315789474,0.3977104135338346,0.05612959398496241,0.1786552857142857,0.0837656015037594,0.05692472932330827,0.14466218045112783,0.5201373909774436
53,21,Cowboys,2014,1632.404,1625.55497173,0.09597493233082707,0.02117251879699248,0.042521511278195485,0.07492589473684211,0.16092303007518796,0.3955178872180451,0.044564924812030074,0.03976612781954887,0.07577680451127819,0.03094018796992481,0.1600563007518797,0.35110434586466166
54,22,Cardinals,2014,1558.344,1566.64701015,0.12538872932330827,0.019950353383458647,0.11028063909774435,0.03316264661654136,0.10356448120300751,0.39234684962406013,0.19417481954887217,0.07063230075187969,0.052207263157894736,0.026118827067669173,0.12682272932330826,0.4699559398496241
55,23,Buccaneers,2014,1312.593,1326.33261935,0.04144487969924812,0.029546323308270676,0.12847693233082708,0.031081270676691728,0.1540411879699248,0.3845905939849624,0.1998596917293233,0.1066154962406015,0.036161413533834584,0.08018909774436091,0.09541272932330827,0.5182384285714285
56,24,Jaguars,2014,1282.358,1286.47938515,0.07184082706766917,0.0474352030075188,0.0654383984962406,0.07964422556390978,0.11899216541353383,0.3833508195488722,0.08831453383458647,0.12890393233082706,0.10397090977443608,0.022259225563909774,0.03748873684210526,0.3809373383458647
57,25,Panthers,2014,1550.894,1507.57541363,0.06573769172932331,0.08941127819548872,0.031294736842105264,0.06972330827067669,0.12354572932330828,0.37971274436090224,0.04891388721804511,0.20072541353383458,0.06991782706766918,0.03717951879699248,0.013830165413533834,0.3705668120300752
58,26,Browns,2014,1380.232,1389.92594054,0.02111263157894737,0.011498503759398496,0.0809905037593985,0.03521315789473684,0.23044113533834587,0.37925593233082705,0.12984848120300752,0.1047811954887218,0.05456484962406015,0.05037093233082707,0.13081625563909774,0.4703817142857143
59,27,Seahawks,2014,1763.828,1721.63400341,0.016747654135338345,0.0748046090225564,0.04671627819548872,0.0552714962406015,0.1754857819548872,0.3690258195488722,0.08929948872180452,0.10855018796992481,0.08273438345864662,0.11146312030075188,0.04878250375939849,0.4408296842105263
60,28,Ravens,2014,1613.12,1596.9423266,0.11713103007518796,0.014219436090225563,0.051893473684210524,0.03752887218045113,0.1327642180451128,0.353537030075188,0.15928333082706767,0.10629768421052632,0.0413069022556391,0.040523368421052634,0.08915721804511278,0.4365685037593985
61,29,Bills,2014,1548.583,1541.44828562,0.04606380451127819,0.0866239022556391,0.051556736842105266,0.02329469172932331,0.14442552631578948,0.3519646616541353,0.1038258045112782,0.17697067669172933,0.09465451879699248,0.05489125563909775,0.0942197969924812,0.524562052631579
62,30,Colts,2014,1619.146,1615.8516099,0.07352972932330827,0.030225082706766916,0.0900516015037594,0.021764954887218045,0.12450845864661654,0.34007982706766915,0.13981307518796993,0.12257486466165414,0.059521406015037595,0.05620251127819549,0.118447,0.49655885714285714
63,31,Raiders,2014,1330.278,1333.5511733,0.07121572180451127,0.05260397744360902,0.06778657142857143,0.010527857142857143,0.13048193233082706,0.3326160601503759,0.061642330827067666,0.11008521052631579,0.03958596992481203,0.10100622556390977,0.08745617293233082,0.3997759097744361
64,0,Broncos,2015,1703.16973722965,1718.65203873,0.13307606783919598,0.014765787269681741,0.16110465522054718,0.055724050809603576,0.17609673366834172,0.5407672948073702,0.06826257677275266,0.14677076353992183,0.023013456169737576,0.07890753070910106,0.09452631211613624,0.41148063930764933
65,1,Vikings,2015,1598.24001680929,1597.49414116,0.036606909547738695,0.11837625628140704,0.10957936208821888,0.06076209519821329,0.20701065745393635,0.5323352805695143,0.070551486599665,0.10794237855946398,0.08284955332216638,0.038843097431602455,0.10220189140145171,0.40238840731434955
66,2,Commanders,2015,1491.92281670655,1491.25482808,0.06279930904522613,0.022629410943606924,0.1698479131769961,0.03804780848687884,0.1937771426577331,0.4871015843104411,0.14469591708542714,0.06502190815187046,0.05134013121161363,0.046737276661083196,0.07507225013958682,0.38286748324958125
67,3,Jets,2015,1530.74586368258,1533.2771757,0.03623957984366276,0.04489024986041318,0.14344004048017867,0.029252379955332218,0.23172580262423229,0.48554805276381907,0.12108479899497487,0.025798345896147403,0.07360591150195421,0.06173978224455611,0.21991169039642658,0.5021405290340591
68,4,Eagles,2015,1479.27406638098,1499.27368136,0.12138717197096593,0.08383634142936906,0.06438111390284756,0.04800777498604132,0.16716361669458404,0.48477601898380795,0.060749329983249584,0.11535122138470129,0.058993488274706865,0.07767705192629816,0.09701922110552764,0.4097903126744835
69,5,Patriots,2015,1655.6326335728,1629.33643954,0.10323698352875489,0.030292078447794527,0.11195085147962032,0.08421840452261306,0.14771957007258515,0.477417888051368,0.055398757677275264,0.08959829704075935,0.08726614321608041,0.0800644472361809,0.03166324678950307,0.343990891959799
70,6,Chargers,2015,1405.15928805237,1384.06432333,0.16054137353433837,0.050262039363484085,0.05971824399776661,0.07531120882188722,0.1313157942490229,0.4771486599664992,0.09568470826353992,0.032243397543271914,0.07111161362367392,0.08543005304299274,0.06680057230597432,0.3512703447794528
71,7,Lions,2015,1501.77973813622,1486.03054445,0.1291069932998325,0.03876583612506979,0.17786571747627025,0.053757202680067,0.0726999860413177,0.47219573562255723,0.08594346733668341,0.08305195421552206,0.09476941652707985,0.06097183137911781,0.0353320491345617,0.3600687185929648
72,8,Bears,2015,1413.53459155126,1410.29709794,0.1167321887213847,0.07990473897264098,0.08920487158012283,0.052765871021775546,0.12507819653824678,0.46368586683417085,0.03557462311557789,0.1245192141261865,0.02938390563930765,0.06139624511446119,0.04833458961474037,0.2992085776102736
73,9,Cardinals,2015,1666.41983644068,1637.17073535,0.08259469570072585,0.020566261864879955,0.1129696468453378,0.03617362506979341,0.20567589335566722,0.45798012283640427,0.16711642936906757,0.03909317420435511,0.0660445072585148,0.029182788944723616,0.15640399916247907,0.45784089893914015
74,10,Falcons,2015,1476.24946129346,1495.87557354,0.1410432300390843,0.014564140145170296,0.16714222501395867,0.019818446398659966,0.10602742183137912,0.44859546342825235,0.09803652289223898,0.07950410385259632,0.042215159128978226,0.05342792434394193,0.035622906197654944,0.3088066164154104
75,11,Panthers,2015,1697.86889802518,1671.43940228,0.10768425460636516,0.06872833612506979,0.05902220826353992,0.05685836125069793,0.14817509073143495,0.44046825097710773,0.04529193188163037,0.16493689279731993,0.12609734087102178,0.036204578447794525,0.03448419179229481,0.4070149357900614
76,12,Bengals,2015,1615.18717709026,1612.52878423,0.07145992462311558,0.028201912339475152,0.13069568676716917,0.02765427833612507,0.18175444584031267,0.43976624790619767,0.09882956448911223,0.08203500837520938,0.14376481016192072,0.056666317699609156,0.11731497766610832,0.49861067839195977
77,13,Jaguars,2015,1330.58608866858,1334.37340989,0.057190626744835285,0.03883808626465662,0.054767539084310445,0.11479061976549414,0.17315907314349527,0.43874594500279174,0.1560308277498604,0.08392712171970966,0.09511602456728085,0.03752057509771078,0.06571809743160245,0.43831264656616414
78,14,Saints,2015,1442.75004641375,1457.36271497,0.17698622278056952,0.03973213986599665,0.06589147124511446,0.02713527359017309,0.12845293830262422,0.43819804578447796,0.0335838567839196,0.0383126256281407,0.07089036850921274,0.07794597292015634,0.06810317560022335,0.2888359994416527
79,15,Giants,2015,1450.81697279006,1452.04660933,0.10637074260189838,0.04804439558905639,0.10452114042434395,0.013188895868230039,0.16101857900614183,0.4331437534896706,0.035767176158570634,0.0954248883305416,0.07670058626465662,0.02328356365159129,0.12232726828587381,0.35350348269123394
80,16,Packers,2015,1621.15382846677,1631.8644652,0.14022130094919039,0.02035904522613065,0.09088155360134004,0.023002687046342826,0.1470220128419877,0.42148659966499163,0.07420820770519262,0.24902897124511447,0.007294758514796203,0.07531330960357342,0.09218172110552764,0.49802696817420433
81,17,Ravens,2015,1460.74749859615,1463.50664205,0.1182608319374651,0.02033632049134562,0.06857056811836963,0.0621875697934115,0.1448681183696259,0.41422340871021773,0.044986271635957566,0.10153990089335567,0.05418967755443886,0.11898849106644332,0.050947543271915134,0.37065188442211056
82,18,Steelers,2015,1634.53784311281,1603.59779374,0.14208639726409827,0.022788121161362366,0.07468611809045227,0.04279448632049135,0.13121822305974315,0.4135733458961474,0.10160247068676717,0.05393338218872139,0.09217759631490788,0.03880967336683417,0.09336700167504187,0.3798901242322725
83,19,Cowboys,2015,1416.48184054555,1457.78162534,0.11853015075376884,0.025382635399218315,0.0795357481853713,0.05901181602456728,0.12290090033500838,0.4053612506979341,0.022421266052484644,0.1163910734226689,0.08978736739251815,0.03665679089893914,0.16863246091568956,0.4338889586823004
84,20,49ers,2015,1403.51690145519,1383.62869769,0.12028525265214964,0.031115633724176438,0.09635408989391402,0.019281553601340033,0.13789718732551648,0.4049337171970966,0.04600637213847013,0.0800877931323283,0.07526316303740926,0.061977379955332215,0.04514216917922948,0.3084768774427694
85,21,Browns,2015,1339.27401908104,1340.19157705,0.056490466219988836,0.013709785036292573,0.10323904243439419,0.03624392797319933,0.19012741485203796,0.3998106365159129,0.10565463428252372,0.09838980318257956,0.06437482551647125,0.08135778196538247,0.1641150753768844,0.5138921203238415
86,22,Chiefs,2015,1679.11311411644,1656.39592828,0.14989489112227805,0.06739628001116695,0.04308116275823562,0.015866924902289224,0.11645485064209939,0.39269410943606925,0.08247376465661642,0.09523512702400894,0.05650470407593523,0.09849734785036293,0.0773141680625349,0.41002511166945843
87,23,Rams,2015,1466.34205513992,1474.71412452,0.03642133584589615,0.03192237576772752,0.08281117392518146,0.10800838218872139,0.13053163037409268,0.3896948981016192,0.07200231714126186,0.25836652010050254,0.07457970407593523,0.05737645868230039,0.029966499162479062,0.49229149916247905
88,24,Raiders,2015,1429.83909329251,1419.66572876,0.013386823003908432,0.027273520379676158,0.0854519891122278,0.03349766192071468,0.21744833891680626,0.37705833333333333,0.07278911920714684,0.09075807509771078,0.08910722361809045,0.10281054578447794,0.03151864879955332,0.3869836125069793
89,25,Buccaneers,2015,1365.85474448027,1372.03139622,0.041637953657174764,0.03546562674483529,0.12653358458961475,0.030266310720268006,0.14057333891680626,0.37447681462869903,0.16729431183696258,0.03800606504745952,0.08506691094360692,0.028526926298157455,0.057652372975991066,0.37654658710217753
90,26,Seahawks,2015,1699.33804723292,1666.88076769,0.05970734226689001,0.07423120463428252,0.06901229061976549,0.07023424064768286,0.08940989670575097,0.36259497487437187,0.06700610692350642,0.12632916666666666,0.08829092685650475,0.09696415410385259,0.10858148380792854,0.48717183835845895
91,27,Texans,2015,1506.02341058991,1517.94256794,0.04437351340033501,0.07590592546063651,0.04474520519262982,0.03980018844221105,0.1574108319374651,0.3622356644332775,0.1436411292573981,0.06294217615857063,0.08800813791178112,0.03370210776102736,0.16093830262423228,0.4892318537130095
92,28,Colts,2015,1473.95309197012,1504.57198862,0.07654173646007817,0.038719744556113905,0.09180051647124511,0.028159052205471803,0.10026378419877163,0.3354848338916806,0.10424038246789503,0.17436883026242322,0.07336671552205472,0.040489126186488,0.14695314768285875,0.5394182021217198
93,29,Dolphins,2015,1405.60722224873,1416.58132696,0.05322350642099386,0.018306881630374094,0.04913391959798995,0.04759586125069793,0.1616376675041876,0.3298978364042434,0.08110181462869905,0.13078243997766612,0.06471575237297598,0.07580294528196538,0.10238756281407035,0.4547905150753769
94,30,Bills,2015,1525.71213489963,1540.71740161,0.026052051926298156,0.0537909198771636,0.08920758654383026,0.04002754048017867,0.10529246929089894,0.3143705681183696,0.11744383724176438,0.19112236180904524,0.05082446259073144,0.03948466638749302,0.11732014237855946,0.5161954704075935
95,31,Titans,2015,1271.67892192839,1302.76440208,0.035015494137353435,0.036898450586264654,0.056623632049134565,0.07291666666666667,0.07787451842546064,0.27932876186488,0.14742331099944164,0.07197657035175879,0.04245849385817979,0.09029714544946957,0.11124543551088777,0.4634009561697376
96,0,Cowboys,2016,1601.70812425366,1604.4416614,0.1540938236620081,0.05843991756295485,0.1277613254331165,0.06355055065370001,0.13788080118503251,0.541726418496812,0.02953280736781091,0.06704056160237007,0.10267653764410382,0.05389010755458234,0.13312527210665293,0.38626528627552004
97,1,Commanders,2016,1504.18685549695,1489.35516219,0.14321719585238615,0.015643382495008695,0.15147673729632252,0.05402145295292072,0.16790633734784569,0.5322651059444838,0.06327013589231661,0.07480676885425389,0.026915740323307787,0.04982308237264121,0.06912722998647518,0.28394295742899467
98,2,Steelers,2016,1645.77936709142,1637.88687777,0.163166129967154,0.028552495652733947,0.10874815482707542,0.026622837637663425,0.18285801507052232,0.5099476331551491,0.09161188896760482,0.06469337283441746,0.13170168738326785,0.04676534423906743,0.042530424421974626,0.3773027178463322
99,3,Patriots,2016,1778.59273128479,1730.33187721,0.09827593868744768,0.03229809364333097,0.10971000193211825,0.08213993688413732,0.17290626006311585,0.4953302312101501,0.03296989115733883,0.09604255168416308,0.08662409995491724,0.08215002254137953,0.030755773813357378,0.32854233915115605
100,4,Chargers,2016,1403.06923425015,1412.87830592,0.11064597153345784,0.04583870676885425,0.11604103175114316,0.05329276743736717,0.1652807239003027,0.4910992013911251,0.11250501706704451,0.09616020480453404,0.03464101887035487,0.04565627616410124,0.11890825014490887,0.4078707670509435
101,5,Falcons,2016,1673.30685490373,1647.14158625,0.16507438655245701,0.01193238230179687,0.14134034906936305,0.035337798673278804,0.13554626135119469,0.4892311779480904,0.0244930186127391,0.13451731821987506,0.06771267469569138,0.0315776840342629,0.04237803825594126,0.3006787338185097
102,6,Vikings,2016,1494.76191894199,1475.98861501,0.08005756424293167,0.0880156565981838,0.05536526051394346,0.05026446834546274,0.21175762220647903,0.4854605719070007,0.07655044116699943,0.10402177497262832,0.07649625813099761,0.083245977973852,0.10617157210021254,0.44648602434468987
103,7,Bears,2016,1323.40207327931,1361.47128489,0.129711811682875,0.013940374830939654,0.14906131899272235,0.028756417852772588,0.161024512140143,0.4824944354994526,0.06762238681007278,0.15003016680620854,0.07682402267018741,0.024380266632317897,0.06249735943839763,0.38135420235718426
104,8,Panthers,2016,1537.81574853788,1533.57102314,0.13814645456301924,0.07057939717910736,0.055069189154376245,0.0516515875571585,0.16184866361821343,0.4772952920718748,0.06385697816706383,0.038044509563985314,0.11789291556643267,0.037464378179944614,0.022576119018483932,0.27983490049591037
105,9,Colts,2016,1518.06820621915,1532.98299037,0.12867907515939975,0.035752772589682486,0.0944785856894442,0.07177529464803246,0.1351128357055452,0.4657985637921041,0.0717531203709667,0.11321937914600373,0.03967836027564887,0.04927441231403362,0.08930579635473691,0.36323106846138986
106,10,Bengals,2016,1521.4544575497,1519.33194119,0.09142405487215817,0.04883266567913956,0.11570533908675211,0.03153138404070329,0.17365463386359245,0.4611480775423456,0.10159473175758356,0.09832945836285181,0.09814031686739229,0.0704125909705674,0.12906687705287564,0.4975439750112707
107,11,Buccaneers,2016,1505.84745607234,1510.14008504,0.05275989566561474,0.06415151671282282,0.1293498100083725,0.029469221356347008,0.18247038706768853,0.4582008308108456,0.1190775101436208,0.09268231467765828,0.09679263862948412,0.036518966960778,0.13870992464738843,0.4837813550589296
108,12,Cardinals,2016,1552.73239023628,1539.95603755,0.1350399111225607,0.0333081921813615,0.12284099954917241,0.03827409673472017,0.12429017195852386,0.45375337154633866,0.15266384362722998,0.07802828621111613,0.04003730276292909,0.07220028981773685,0.10706509950408966,0.4499948219231017
109,13,Packers,2016,1627.5835790072,1617.97990027,0.12823030849487987,0.03150467572615444,0.13231850325239905,0.02282607071552779,0.1340280479165325,0.4489076061054937,0.09047771623623366,0.212035563856508,0.011961737618342242,0.07069478972113093,0.10600811489663167,0.49117792232884655
110,14,Raiders,2016,1542.27738559716,1567.27307744,0.029774000128807883,0.01815449861531526,0.1246987505635345,0.03780922908481999,0.23811451664841887,0.4485509950408965,0.06934617118567657,0.12522520126231726,0.04555264378179945,0.08177423198299735,0.13426869324402654,0.45616694145681713
111,15,Lions,2016,1498.59816851101,1487.27600228,0.15031122560700716,0.025579281252012625,0.11399170477233207,0.04195428608230824,0.11061116120306563,0.4424476589167257,0.056564822567141106,0.054974843820441814,0.08719920783151928,0.0720622399690861,0.051981374380112064,0.3227824885683004
112,16,Giants,2016,1543.15403863728,1565.8800941,0.16484382044181103,0.062250254395569006,0.10259902750048303,0.019415946415920655,0.08618738970825014,0.43529643846203386,0.058855303664584274,0.15942014555290784,0.07981754363367038,0.02317841823919624,0.140229593611129,0.46150100470148775
113,17,Jaguars,2016,1320.47630089253,1356.44040213,0.06996970438590842,0.03575441489019128,0.09483266567913956,0.07691971404649965,0.15286333483609196,0.43033983383783087,0.2157655245701037,0.0451564436143492,0.07275726798480067,0.049253358665550334,0.10903907387132092,0.4919716687061248
114,18,Ravens,2016,1484.14934980593,1497.99601624,0.15493591807818638,0.016050827590648548,0.0877136278740259,0.055136439750112703,0.11597477297610614,0.42981158626907967,0.046628537386488055,0.11019207187479874,0.030927732337219037,0.12182963225349391,0.08408032459586527,0.393658298447865
115,19,Jets,2016,1424.84828828688,1431.76273049,0.06509884716944676,0.03437309203323243,0.13370474013009595,0.016300141688671346,0.17932903329683778,0.4288058543182843,0.14110189347588073,0.017081374380112063,0.06993668448509048,0.05061481290654988,0.15799511174083855,0.4367298769884717
116,20,Eagles,2016,1514.14579357338,1524.44131068,0.06415046692857602,0.06644572679848007,0.031759869904038125,0.04118629484124428,0.21696384362722998,0.4205062020995685,0.06287236426869325,0.12787296966574355,0.07796172473755394,0.07426848715141367,0.04585547111483223,0.38883101693823663
117,21,Chiefs,2016,1667.22342735373,1654.14357197,0.13030334256456494,0.051760282089263865,0.10355292715914213,0.03171114188188317,0.09645180653055967,0.4137795002254138,0.11158714497327236,0.13605286919559478,0.04753721903780511,0.10086398531590134,0.033829245829844784,0.4298704643524184
118,22,Titans,2016,1437.07268250335,1455.21882158,0.0485223030849488,0.04897249951697044,0.09565484639659948,0.0707933277516584,0.13781550202872417,0.40175847877890125,0.09889793907387132,0.11073514523088814,0.05179598763444323,0.06686931152186514,0.08427232562632833,0.4125707090873961
119,23,Texans,2016,1500.70851237544,1506.7136673,0.09282312101500612,0.05095468538674567,0.0415339795195466,0.013282424164358859,0.20031904424550784,0.3989132543311651,0.1477326592387454,0.09143774070973143,0.09274232627036774,0.03431150898434984,0.1284183358021511,0.49464257100534553
120,24,Dolphins,2016,1510.27899613903,1524.03173871,0.08553604688606943,0.012717756166677401,0.04101042055773813,0.0728878662974174,0.18570648547691118,0.39785857538481356,0.11257683390223482,0.16041920525536163,0.057148302956140914,0.07654282862111161,0.08339978746699298,0.49008695820184195
121,25,49ers,2016,1277.68929964534,1257.33522189,0.1526019643202164,0.019507477297610615,0.07648658465898113,0.03616308366072003,0.10899490564822567,0.39375401558575385,0.06438349971018226,0.08809744316352161,0.10443645263090101,0.06960716171829716,0.05844785212855027,0.3849724093514523
122,26,Bills,2016,1473.69152450601,1472.77093993,0.066247968055645,0.06637424486378567,0.08354133444966833,0.05148931538610163,0.1243969472531719,0.3920498100083725,0.14608373156437174,0.07365366780446964,0.027864474785856894,0.0925339924003349,0.09794968120048947,0.43808554775552266
123,27,Rams,2016,1345.69018673175,1341.73680043,0.06088304888259161,0.04304919173053391,0.10938690023829459,0.05010041862561989,0.12203563470084369,0.3854551941778837,0.0794610162941972,0.14386128035035745,0.06379122818316481,0.03988815611515425,0.09569130546789463,0.42269298641076836
124,28,Seahawks,2016,1603.85238667581,1597.46082611,0.12234816770786372,0.01440182263154505,0.08856155084691184,0.08169416500289818,0.04062328202485992,0.3476289882140787,0.0364641785277259,0.11149963933792748,0.0993502286339924,0.11541299671539898,0.13294729825465318,0.49567434146969797
125,29,Saints,2016,1494.89105525916,1481.00808967,0.11990275004830296,0.03195201906356669,0.03364667353642043,0.03688232755844658,0.12350329104141174,0.3458870612481484,0.03310661428479423,0.062220010304630646,0.061816287756810716,0.10677971275842081,0.031094544986153154,0.2950171700908096
126,30,Broncos,2016,1580.79944965147,1561.4731743,0.014562768081406581,0.04928655889740452,0.1586361692535583,0.025777986732788048,0.09203224061312552,0.34029572357828297,0.09579653506794616,0.14675923230501706,0.04084325368712565,0.07397722676627809,0.14380767694982932,0.5011839247761963
127,31,Browns,2016,1251.15149006353,1244.62659626,0.07098850389643846,0.018504984865073744,0.051911025954788435,0.02359523410832743,0.13428082694660914,0.2992805757712372,0.0716206221420751,0.009667018741546983,0.04267469569137631,0.016124898563792105,0.15088340310426998,0.29097063824306046
128,0,Steelers,2017,1641.20439958251,1637.4270714,0.12577713173652694,0.07852367664670659,0.10646105988023952,0.023624269461077846,0.2338623473053892,0.5682484850299401,0.09481405389221557,0.04900497005988024,0.04135678443113772,0.0747014251497006,0.06866192215568863,0.32853915568862274
129,1,Raiders,2017,1444.84301126192,1439.15599889,0.1021955868263473,0.02343674850299401,0.12711637724550898,0.050981904191616766,0.25754959281437123,0.5612802095808384,0.029495616766467066,0.09593010778443113,0.023435281437125748,0.06805493413173652,0.13696701796407185,0.35388295808383236
130,2,Falcons,2017,1648.46065963157,1636.94234994,0.16420838323353293,0.03549830538922156,0.1682831497005988,0.024069047904191617,0.1554074011976048,0.5474662874251497,0.06772117964071857,0.1093191497005988,0.050975622754491016,0.0392582754491018,0.09302635329341317,0.36030058083832334
131,3,Commanders,2017,1454.75359091002,1451.22513959,0.16493173652694612,0.026792568862275448,0.06523921556886228,0.07090208982035928,0.20812640718562875,0.5359920179640718,0.07456279041916168,0.10180962874251497,0.04909276646706587,0.03956204790419161,0.14625992215568862,0.41128715568862273
132,4,Cardinals,2017,1471.48162601747,1472.79909258,0.17658154491017963,0.021957940119760478,0.12238955688622755,0.03651179041916168,0.17316165868263472,0.5306024910179641,0.07172511976047904,0.08674432934131737,0.03695834730538922,0.09418236526946108,0.12603313173652694,0.41564329341317363
133,5,Packers,2017,1455.07949952385,1513.43822292,0.1259547125748503,0.014337616766467066,0.1890067604790419,0.022482976047904193,0.1709795508982036,0.522761616766467,0.08809634131736527,0.15670665868263473,0.015349670658682635,0.07022731736526946,0.05552549700598802,0.3859054850299401
134,6,Eagles,2017,1717.6794953608,1725.16501637,0.04759692215568862,0.04618056886227545,0.12235565269461078,0.06051497005988024,0.2076143113772455,0.4842624251497006,0.0893421616766467,0.13053935329341318,0.0880587125748503,0.08848413173652694,0.026116239520958085,0.4225405988023952
135,7,Bears,2017,1413.29322088047,1417.12261769,0.12741691616766468,0.014283203592814372,0.08769723952095808,0.06367119760479042,0.1908908383233533,0.4839593952095808,0.08859506586826348,0.10175516167664671,0.07171983233532934,0.04332282634730539,0.10651513173652695,0.41190801796407184
136,8,Panthers,2017,1572.44216745769,1564.31329766,0.13599180838323352,0.06776254491017963,0.04547284431137725,0.09497645508982036,0.13674750299401198,0.48095115568862273,0.1196155628742515,0.08940381437125748,0.1631008982035928,0.04606629341317365,0.03956664670658683,0.4577532155688623
137,9,Saints,2017,1624.23551000279,1604.96211922,0.12194610778443114,0.03982010778443114,0.04294750898203593,0.07953252095808383,0.19610294610778442,0.4803491916167665,0.04402231736526946,0.09476730538922155,0.0680728622754491,0.056680329341317365,0.030154275449101795,0.2936970898203593
138,10,Patriots,2017,1724.11799474451,1701.76972721,0.08668545508982035,0.06593126946107784,0.11280440718562874,0.077348874251497,0.1329146347305389,0.47568464071856287,0.06278058083832336,0.03131168862275449,0.07950964071856287,0.14212599401197604,0.0994210119760479,0.4151489161676647
139,11,Dolphins,2017,1422.30579465002,1402.21003716,0.19795378443113773,0.019820838323353292,0.05854081437125749,0.05700246107784431,0.1358608622754491,0.4691787604790419,0.12777408383233532,0.12030649700598803,0.07116050898203592,0.06767379640718563,0.034484365269461074,0.42139925149700597
140,12,Ravens,2017,1550.40515466265,1556.42174496,0.1601317365269461,0.03155861676646707,0.09708158083832336,0.03229573053892216,0.13980033532934133,0.460868,0.048755467065868266,0.06760103592814372,0.03193146706586826,0.07556653293413174,0.09001190419161677,0.31386640718562875
141,13,Cowboys,2017,1568.35964250336,1557.2308752,0.010672538922155689,0.047183245508982036,0.1560636766467066,0.09919219760479042,0.1421434491017964,0.4552551077844311,0.029021790419161676,0.10364703592814371,0.08126918562874251,0.018556850299401198,0.06493810179640719,0.29743296407185627
142,14,Bengals,2017,1459.42288378329,1469.31947294,0.10058929940119761,0.045325125748502997,0.14629154491017965,0.05637009580838323,0.1033673113772455,0.451943377245509,0.07401871856287426,0.08613326347305389,0.10547243113772455,0.06568334131736527,0.1371282754491018,0.46843602994011974
143,15,Chargers,2017,1564.88380311096,1544.73313814,0.1147005988023952,0.030298676646706588,0.12321846706586827,0.05381426347305389,0.1287345748502994,0.4507665808383233,0.10220761077844312,0.13872568263473053,0.035116125748502994,0.03924447904191617,0.05586734131736527,0.3711612395209581
144,16,Bills,2017,1500.82485027929,1493.0511155,0.06130665269461078,0.06700669461077845,0.038903646706586824,0.06866981437125748,0.21434949700598802,0.45023630538922155,0.06183189820359281,0.08214569461077845,0.042383071856287424,0.04602486826347305,0.034739502994011975,0.26712503592814374
145,17,Colts,2017,1357.85656330066,1336.87701735,0.13251371856287425,0.0401471497005988,0.09343471856287425,0.0601190119760479,0.12153270059880239,0.4477472994011976,0.0890310239520958,0.12726209580838324,0.018438353293413173,0.045315053892215566,0.026340119760479043,0.30638664670658683
146,18,Lions,2017,1532.76267558556,1512.31446349,0.10207904191616766,0.03325607185628743,0.11180417365269461,0.03310797005988024,0.13768735928143713,0.4179346167664671,0.09034343113772456,0.08917634131736527,0.0720990239520958,0.06599847305389221,0.10729168263473055,0.42490895209580837
147,19,Giants,2017,1365.01624092829,1370.05574972,0.12840781437125748,0.04099425748502994,0.08726020359281438,0.028780269461077843,0.1315643473053892,0.41700689221556886,0.07922810179640719,0.15827898203592813,0.07139013173652695,0.02317596407185629,0.16752599401197604,0.49959917365269463
148,20,Jaguars,2017,1549.72760663819,1564.94333023,0.060311275449101795,0.08218267065868264,0.08091480838323353,0.0447935628742515,0.14312732335329342,0.4113296407185629,0.22094232934131736,0.049408251497005985,0.07914020958083832,0.09556207185628743,0.08293145508982036,0.5279843173652694
149,21,Texans,2017,1343.90508962322,1380.2428413,0.023089263473053893,0.05653701197604791,0.13564871856287425,0.06366839520958084,0.12261201796407185,0.40155540718562877,0.10674509580838323,0.0896757125748503,0.0588815748502994,0.06346645508982036,0.12829917964071857,0.44706801796407186
150,22,Vikings,2017,1650.82931901696,1654.50163931,0.13486996407185628,0.036581011976047906,0.06485440718562874,0.047837508982035926,0.11635755688622755,0.4005004491017964,0.08292141916167664,0.09369823952095808,0.06368654491017964,0.06866034131736527,0.1279079880239521,0.43687453293413175
151,23,Buccaneers,2017,1451.72245356069,1441.92358692,0.07029332335329341,0.05370735928143713,0.11260198203592814,0.01903540119760479,0.14069369461077844,0.3963317604790419,0.1809627904191617,0.05846097604790419,0.0528111377245509,0.050898389221556886,0.1063756886227545,0.44950898203592815
152,24,Chiefs,2017,1603.8390121732,1578.26015143,0.12697777245508982,0.02541154491017964,0.03278264071856288,0.043071502994011975,0.15336294610778442,0.3816064071856287,0.10163220359281437,0.21526603592814372,0.03937726946107784,0.08415222155688623,0.04088776646706587,0.481315497005988
153,25,Broncos,2017,1422.84140727554,1398.93281109,0.02347888023952096,0.036468646706586824,0.15002585628742515,0.02893633532934132,0.14194322754491018,0.3808529461077844,0.1084388263473054,0.14011021556886227,0.05621909580838323,0.05255031736526946,0.14535114371257485,0.5026695988023953
154,26,Rams,2017,1542.42298356784,1532.13258318,0.04643792215568862,0.041636850299401194,0.15101339520958085,0.01938623353293413,0.12159452095808383,0.3800689221556886,0.114106874251497,0.09486089221556886,0.107167874251497,0.03110285628742515,0.13262088023952096,0.479859377245509
155,27,Seahawks,2017,1565.06922566055,1565.84891104,0.09247826347305389,0.03332733532934132,0.052242317365269464,0.07517109580838323,0.1264577005988024,0.3796767125748503,0.059256437125748504,0.1190864251497006,0.10935181437125749,0.1250927365269461,0.13857625149700598,0.5513636646706587
156,28,Titans,2017,1491.26182783631,1517.56102053,0.061985904191616766,0.05237382035928144,0.11685325149700598,0.04482908982035928,0.1025572634730539,0.37859932934131735,0.1256955748502994,0.1377774491017964,0.05512916167664671,0.08178341916167664,0.09147811976047904,0.4918637245508982
157,29,Jets,2017,1396.21359929815,1359.69410861,0.04990529341317365,0.06173767664670659,0.04825722155688623,0.01463031137724551,0.17810277245508982,0.3526332754491018,0.17966817964071857,0.03140348502994012,0.03570719161676647,0.041447269461077844,0.09796420359281437,0.38619032934131736
158,30,Browns,2017,1200.36524640909,1208.15051817,0.013233275449101797,0.0267694251497006,0.031129023952095807,0.019489580838323355,0.2491964251497006,0.33981773053892217,0.03310717365269461,0.05508294610778443,0.12941997005988023,0.023250640718562875,0.042896760479041916,0.28375749101796405
159,31,49ers,2017,1451.7116669848,1459.52232576,0.0076658023952095805,0.016919245508982036,0.08279325149700599,0.022944047904191616,0.15332303592814372,0.28364538323353294,0.05276459281437126,0.107529874251497,0.05356860479041916,0.05710041317365269,0.038573473053892214,0.30953695808383236
160,0,49ers,2018,1381.44773691811,1436.38612259,0.21556015237020315,0.04690655756207675,0.10411352144469525,0.02056093679458239,0.19057365688487585,0.5777148250564335,0.056620462753950336,0.09327508465011286,0.0499595993227991,0.018103465011286683,0.10692721783295711,0.3248858295711061
161,1,Raiders,2018,1355.66092668292,1342.90817267,0.14624830699774266,0.04342225733634311,0.10526247178329572,0.06508708239277652,0.2052833182844244,0.5653034367945824,0.06693852144469525,0.013274825056433409,0.057598081264108356,0.062465146726862306,0.06485627539503386,0.2651328498871332
162,2,Falcons,2018,1527.97373691553,1486.42069485,0.12601128668171557,0.041337827313769754,0.1378796275395034,0.013730987584650113,0.22721316027088037,0.5461728893905192,0.033981952595936796,0.06740371896162528,0.04842685665914221,0.05330588036117381,0.1496196106094808,0.3527380191873589
163,3,Packers,2018,1430.19705490299,1447.39790335,0.1245594130925508,0.008927020316027087,0.1507314164785553,0.061149356659142215,0.18656306997742664,0.5319302765237021,0.10943051918735891,0.13370707674943566,0.025976331828442438,0.016644249435665913,0.05799726862302483,0.34375544582392775
164,4,Commanders,2018,1409.03268764508,1432.64014848,0.1262448532731377,0.03648301918735892,0.06518591986455982,0.09390323363431151,0.20089191309255078,0.5227089390519187,0.06725915349887134,0.09865262415349887,0.03838312076749436,0.031819655756207675,0.11930053047404063,0.35541508465011284
165,5,Browns,2018,1431.32960206708,1453.98890044,0.13793656884875846,0.03189462753950339,0.10968885440180587,0.04138656320541761,0.1968921106094808,0.5177987246049661,0.015196196388261852,0.07808778781038375,0.12186805304740406,0.031829238148984196,0.10684709367945824,0.3538283690744921
166,6,Saints,2018,1663.90490475508,1640.74319351,0.15153837471783296,0.04003296275395034,0.07256882618510158,0.04387735891647856,0.2016102144469526,0.509627737020316,0.04072025959367946,0.11500733069977427,0.08332874717832957,0.04401032167042889,0.04783062076749436,0.3308972799097065
167,7,Chargers,2018,1626.12787700872,1622.0840553,0.13052595936794584,0.026836416478555305,0.14352816027088036,0.03988986455981941,0.15792546839729119,0.4987058690744921,0.0823363769751693,0.1283553611738149,0.03577784988713318,0.060344751693002255,0.10113987020316027,0.40795420993227993
168,8,Colts,2018,1589.11184794951,1584.60067223,0.1451618284424379,0.011759097065462755,0.11596950902934537,0.07548291760722348,0.14164145033860046,0.49001480248307,0.06436962189616253,0.07064655756207674,0.02172244920993228,0.03646630361173815,0.029954480812641085,0.2231594130925508
169,9,Vikings,2018,1555.13593138993,1547.02379903,0.14933408577878104,0.04802607223476298,0.08653411399548533,0.05413161399548533,0.15049839729119638,0.48852428329571107,0.10454908577878104,0.10502675507900677,0.10434943566591422,0.08877571106094809,0.1272804683972912,0.5299814559819414
170,10,Buccaneers,2018,1414.65900288688,1397.75625141,0.0712014841986456,0.022468177200902936,0.19257755643340857,0.057699779909706546,0.14206265237020316,0.48600965011286684,0.17457965011286683,0.1220342381489842,0.08359841422121896,0.03400743792325057,0.08585167607223476,0.5000714164785554
171,11,Eagles,2018,1619.7703388785,1599.3828962,0.12136210496613996,0.029024988713318284,0.09458848194130925,0.040719046275395035,0.20012074492099322,0.48581536681715576,0.11066790632054176,0.1158090914221219,0.04211794582392776,0.0954007618510158,0.030591235891647854,0.3945869413092551
172,12,Patriots,2018,1708.78473216437,1702.94630785,0.13004627539503386,0.04454886004514673,0.08789778781038375,0.09447221218961625,0.11484121896162529,0.47180635440180585,0.04989840293453725,0.07214467832957111,0.0700825,0.12857720654627539,0.08525621331828442,0.4059590011286682
173,13,Panthers,2018,1526.56815861144,1524.11856735,0.12553877539503386,0.03852181151241535,0.07107530474040633,0.05255243792325057,0.18309269187358918,0.47078102144469525,0.14637975169300227,0.08800651805869074,0.1021983295711061,0.048111252821670426,0.056697308126410835,0.4413931602708804
174,14,Bears,2018,1630.84689717264,1627.35641814,0.059809712189616254,0.016172793453724604,0.14748385440180586,0.09515875846501129,0.14581297404063207,0.46443809255079005,0.09181664221218962,0.14733686794582393,0.06807059255079007,0.023614424379232505,0.10448622460496614,0.4353247516930023
175,15,Bengals,2018,1390.30027271495,1417.60189017,0.09705503950338601,0.034809509029345376,0.1260353611738149,0.05140937358916479,0.15102626410835215,0.4603355474040632,0.10146751128668172,0.12181779909706546,0.10388322799097066,0.03793392212189616,0.128306230248307,0.493408690744921
176,16,Steelers,2018,1605.78982950909,1595.34295567,0.1388704683972912,0.008722121896162529,0.07389532731376976,0.03324714446952596,0.1980292381489842,0.4527643002257336,0.104802460496614,0.0430422460496614,0.08556525395033861,0.042762443566591424,0.10305436230248308,0.3792267663656885
177,17,Jets,2018,1324.94966353912,1324.67179847,0.08894332392776523,0.04554580699774266,0.07361229683972911,0.02179360045146727,0.2079413769751693,0.4378364051918736,0.09219231376975169,0.033674700902934535,0.06725930022573363,0.06174550225733634,0.15776670428893905,0.41263852144469526
178,18,Lions,2018,1483.27911390454,1471.67213181,0.15553047404063206,0.043501269751693,0.057907313769751695,0.02692729683972912,0.1492929288939052,0.4331592832957111,0.034358075620767495,0.112112579006772,0.07422156884875847,0.07826378668171557,0.07304044582392777,0.3719964559819413
179,19,Seahawks,2018,1595.61747289036,1579.2254705,0.1389444920993228,0.026273837471783294,0.11416371331828443,0.01847619638826185,0.12913870767494356,0.42699694695259593,0.03076548532731377,0.02999147855530474,0.15101343115124152,0.14833944695259593,0.041416518058690746,0.40152636004514675
180,20,Dolphins,2018,1370.26814280588,1371.23515158,0.059295682844243795,0.023265293453724606,0.14540972347629796,0.024973058690744922,0.17245715011286683,0.4254009085778781,0.02910104966139955,0.21600796275395034,0.08062274830699774,0.07517081828442437,0.02076127539503386,0.42166385440180587
181,21,Jaguars,2018,1430.3736091278,1455.12001344,0.060870953724604965,0.07012287810383747,0.0975590124153499,0.02721240406320542,0.15815396162528217,0.41391920993227993,0.27901253386004515,0.010807793453724604,0.06763817720090294,0.06335454853273138,0.15287968397291196,0.573692737020316
182,22,Cowboys,2018,1567.45640810761,1563.00693251,0.010253402934537246,0.04348627539503386,0.10051860609480813,0.013387720090293454,0.24356481941309255,0.41121082392776526,0.03160646162528217,0.17033480812641083,0.10341621331828442,0.026627240406320543,0.031845321670428896,0.36383004514672684
183,23,Chiefs,2018,1650.61614068496,1618.98757416,0.036469373589164786,0.021667990970654628,0.0756809085778781,0.0724952539503386,0.19782367381489843,0.40413720090293453,0.07791430022573363,0.1742325112866817,0.03633980248306998,0.11844255643340858,0.0307527539503386,0.4376819243792325
184,24,Giants,2018,1411.5883036424,1419.33903833,0.13212147291196388,0.0639341309255079,0.06921629796839729,0.039899599322799094,0.09227787246049661,0.39744937358916477,0.03649327313769752,0.13206160835214448,0.041570744920993226,0.029725569977426636,0.07423821106094808,0.31408940744920993
185,25,Ravens,2018,1603.30887336888,1605.78405402,0.15559886004514673,0.018980440180586908,0.07272058126410835,0.026883030474040632,0.12268687923250564,0.39686979119638827,0.054909779909706545,0.06630069413092551,0.06204314334085779,0.09278759593679459,0.15087151241534988,0.4269127257336343
186,26,Titans,2018,1525.8608052937,1537.28398178,0.05476549661399548,0.03712402934537246,0.047858250564334084,0.06649190744920994,0.19036528781038375,0.39660497178329573,0.15123814898419866,0.11161908013544018,0.06970414785553047,0.06600850451467269,0.11837007336343115,0.5169399548532732
187,27,Broncos,2018,1421.24629188002,1400.81518309,0.08863431151241535,0.011081382618510159,0.08188990970654628,0.016821839729119638,0.15623781038374718,0.3546652539503386,0.11067012979683973,0.12449602708803612,0.07689896726862303,0.048823690744920996,0.130370118510158,0.4912589334085779
188,28,Rams,2018,1644.52349932507,1636.13314742,0.04947851015801354,0.05100632054176072,0.07986274830699774,0.015565197516930022,0.15668104966139954,0.3525938261851016,0.2207116027088036,0.02982117381489842,0.06158462753950339,0.07662654063205418,0.11696813205417607,0.5057120767494356
189,29,Texans,2018,1520.58279645841,1544.24539553,0.02538795711060948,0.04955739841986456,0.12944577878103838,0.022340186230248308,0.12320388261851016,0.3499352031602709,0.10981353837471783,0.11781303611738149,0.05927313769751693,0.06705236455981942,0.1807548927765237,0.5347069695259594
190,30,Cardinals,2018,1323.11063335304,1320.42697539,0.029514633182844245,0.03748317720090293,0.12067462753950339,0.04705933408577878,0.0935666309255079,0.32829840293453727,0.037104379232505647,0.12759331828442438,0.07238943566591421,0.04999972347629797,0.09103631489841986,0.3781231715575621
191,31,Bills,2018,1420.13552226018,1386.13489059,0.02806395033860045,0.07167101015801354,0.017691907449209933,0.05770880361173815,0.07638610609480813,0.2515217776523702,0.0782966309255079,0.10582702031602709,0.049299610609480814,0.07038905756207675,0.04157345372460497,0.3453857731376975
192,0,Packers,2019,1621.18790916331,1625.46468966929,0.15972369819341126,0.012093044633368757,0.08667971838469712,0.08771646652497343,0.24325077045696067,0.5894636981934113,0.046631572794899045,0.10050593517534538,0.025044346439957493,0.047451976620616364,0.07213348565356004,0.29176731668437833
193,1,Buccaneers,2019,1495.44382461137,1484.56509413829,0.1263057917109458,0.026866397449521785,0.11585121679064825,0.06011569075451647,0.22838059511158343,0.5575196918172157,0.11256187566418703,0.09874411264612115,0.0931018597236982,0.028455504782146653,0.026368921360255048,0.3592322741764081
194,2,Chargers,2019,1453.08550278259,1447.78606341549,0.14380794367693941,0.034418437832093515,0.12544115834218916,0.03727001062699256,0.19938146121147715,0.5403190116896918,0.047249112646121146,0.15500941020191286,0.06317432518597237,0.03860578108395324,0.0657657651434644,0.36980439426142403
195,3,Commanders,2019,1300.23623787008,1297.39015556034,0.15926781083953243,0.04366961211477152,0.05293409139213603,0.09385908076514346,0.17108352284803402,0.5208141179596174,0.05916344845908608,0.09781502125398513,0.020454139213602552,0.04016401168969182,0.12055995217853348,0.338156572794899
196,4,Bengals,2019,1321.44101963515,1321.50365074598,0.09239681190223167,0.04119835281615303,0.15271132306057386,0.057824941551540915,0.17373782146652497,0.5178692507970244,0.0976720244420829,0.07235551540913922,0.024426886291179596,0.03757631774707758,0.12509425611052072,0.357125
197,5,Raiders,2019,1403.48916222534,1404.63808764026,0.13649564824654623,0.04251947396386822,0.07651088735387886,0.030645664187035068,0.2173969447396387,0.503568618490967,0.031726753453772585,0.056952672688629115,0.045231976620616364,0.10614456960680127,0.05128807120085016,0.2913440435706695
198,6,Browns,2019,1408.29999845939,1420.46623115244,0.06283780552603613,0.018087321997874602,0.18984041976620616,0.034869181721572794,0.1951303878852285,0.5007651168969182,0.0605598352816153,0.1281225398512221,0.07649624335812964,0.08106257704569607,0.11301114240170032,0.45925233793836345
199,7,Saints,2019,1662.20841768561,1651.90184888899,0.1413124335812965,0.019961174282678,0.06934879383634432,0.03454928799149841,0.22614745483528162,0.49131914452709885,0.05742624867162593,0.0779172422954304,0.10792661530286929,0.022266402763018067,0.08840699787460149,0.35394350690754517
200,8,Cowboys,2019,1545.67304424046,1525.72291117328,0.015427821466524973,0.03856660467587673,0.12324763549415516,0.03249711477151966,0.28123623273113707,0.4909754091392136,0.08645447927736451,0.12777837407013815,0.07936229543039319,0.029898799149840595,0.0624865568544102,0.3859805047821466
201,9,49ers,2019,1653.17796249979,1660.53569062136,0.1144121041445271,0.06650622741764081,0.08156125929861849,0.02262604144527099,0.19956640807651435,0.4846720403825717,0.03835880446333688,0.21097798618490968,0.0814389904357067,0.05704871413390011,0.08910424548352816,0.4769287407013815
202,10,Titans,2019,1646.16177921523,1628.89095568405,0.12371413390010627,0.03889056854410202,0.08576030286928799,0.04668962805526036,0.18339174282678003,0.47844637619553665,0.13606277895855473,0.046459064824654624,0.05800092454835282,0.044812927736450583,0.16222989373007438,0.44756558979808714
203,11,Colts,2019,1471.48216687227,1457.93690074112,0.06266331030818278,0.015448241232731138,0.16636212539851222,0.07674814027630181,0.1543051062699256,0.47552692348565356,0.0349697821466525,0.165169261424017,0.025836360255047822,0.048887136025504783,0.11513821997874601,0.3900007598299681
204,12,Giants,2019,1334.10697188401,1337.14409354851,0.15093072794899043,0.04776823060573858,0.08589985122210414,0.046545154091392135,0.141334261424017,0.4724782252922423,0.040765371944739635,0.057103405951115835,0.07562128055260361,0.04410429861849097,0.026572571732199787,0.24416692879914983
205,13,Vikings,2019,1604.21004013685,1600.71011370887,0.15890010626992562,0.023431275239107333,0.11924632306057385,0.032191200850159404,0.12814096705632305,0.4619098724760893,0.08026990435706695,0.12588380977683317,0.0683951062699256,0.07980182252922423,0.14386643995749204,0.49821708289054195
206,14,Rams,2019,1569.8510689254,1568.92982897427,0.06251634962805526,0.06443248140276302,0.14034354410201913,0.022468873538788525,0.1690301115834219,0.4587913602550478,0.16251679064824653,0.09485558979808714,0.03256852816153029,0.05207706695005313,0.06273611583421891,0.40475409139213603
207,15,Lions,2019,1354.3534226843,1384.35609458618,0.1696602497343252,0.012260515409139213,0.092802651434644,0.03576017534537726,0.14415485653560042,0.4546384484590861,0.08016495217853348,0.05105755047821466,0.08133316153028693,0.02665864505844846,0.1255957066950053,0.36481001594048884
208,16,Chiefs,2019,1744.77087613445,1735.92025087664,0.04935604675876727,0.03590891604675877,0.13786945802337938,0.06743836344314559,0.16256156748140277,0.4531343517534538,0.042286615302869285,0.0741927311370882,0.0637439319872476,0.07590345377258235,0.049403204038257174,0.30552993623804464
209,17,Falcons,2019,1549.27334860298,1550.66738588644,0.09597768331562168,0.050393777895855474,0.08146774707757705,0.027943044633368757,0.19452399574920298,0.45030624867162594,0.09163082890541976,0.05684839532412327,0.11213034537725823,0.05429545164718385,0.0903939054197662,0.40529892667375134
210,18,Seahawks,2019,1567.84860383132,1554.09434075038,0.143447215727949,0.026755648246546228,0.06554367162592986,0.035760228480340064,0.17763494155154091,0.44914170563230604,0.027207832093517535,0.11467171625929862,0.14420412327311372,0.056608235919234855,0.022851408076514347,0.3655433156216791
211,19,Eagles,2019,1540.34136055502,1534.5459098766,0.07587023910733262,0.02905565356004251,0.10625422422954305,0.04156644527098831,0.19365018597236983,0.4463967481402763,0.09280146121147716,0.061460207226354945,0.04087557917109458,0.10933815621679065,0.05143060573857598,0.3559060095642933
212,20,Patriots,2019,1619.7966571491,1624.76353470428,0.11974072263549415,0.06498097236981934,0.09659416578108396,0.014225653560042508,0.12614852284803402,0.42169003719447395,0.03624526036131775,0.05819798087141339,0.10161227948990435,0.1483433846971307,0.10023195536663124,0.44463086078639746
213,21,Jets,2019,1434.59480924715,1437.7634728734,0.05043417109458023,0.06074814558979809,0.10294445802337938,0.01643816153028693,0.1902722688629118,0.4208372051009564,0.09802609989373007,0.032069500531349625,0.13308809776833155,0.05974189160467588,0.11742159936238045,0.4403471891604676
214,22,Steelers,2019,1515.05470626793,1568.30209877572,0.1487321572794899,0.009388485653560043,0.024285738575982995,0.04306943676939426,0.19177347502656747,0.41724929330499466,0.16771426673751327,0.07656395324123273,0.06937566950053135,0.029410053134962807,0.0962397555791711,0.43930369819341125
215,23,Texans,2019,1539.39506985025,1548.54190342643,0.041624829968119025,0.06771586078639745,0.14520474495217853,0.017941030818278428,0.14176858660998937,0.4142550531349628,0.132463825717322,0.09757546758767269,0.05293042507970244,0.05899657810839532,0.1048663921360255,0.44683268862911796
216,24,Bears,2019,1534.34698873534,1516.70686575326,0.07468351222104144,0.009525903294367694,0.1517612008501594,0.06637683846971307,0.10555165249734325,0.40789910733262486,0.09727254516471838,0.10131767268862912,0.08563604675876726,0.03019663124335813,0.16102255579171096,0.4754454516471838
217,25,Cardinals,2019,1411.47539941423,1386.08975719085,0.04408394792773645,0.06450725823591924,0.08860085547290117,0.019068028692879914,0.18073505844845908,0.3969951487778959,0.05667979808714134,0.11670668437832094,0.040966121147715195,0.025435345377258237,0.09280623273113708,0.3325941817215728
218,26,Jaguars,2019,1405.25387771843,1433.41549623195,0.06987227948990436,0.049535047821466525,0.07415522316684378,0.029271652497343252,0.17059623804463336,0.3934304410201913,0.1473863655685441,0.03955158873538789,0.06702044633368756,0.03380020191285866,0.12869792773645058,0.4164565302869288
219,27,Panthers,2019,1374.10334851294,1422.72924524254,0.12962563761955367,0.03338563761955367,0.04886876726886291,0.04797289054197662,0.12017176408076514,0.380024697130712,0.1615267481402763,0.09825112646121148,0.11836874601487779,0.04562441020191286,0.03909494686503719,0.4628659776833156
220,28,Bills,2019,1514.53188614032,1505.67094496893,0.03567388947927736,0.024241184909670564,0.09981683846971307,0.054191992561105205,0.1657512008501594,0.3796751062699256,0.11242921891604676,0.1388719394261424,0.05930143995749203,0.06787903825717322,0.040116679064824655,0.41859831562167904
221,29,Ravens,2019,1705.14631176135,1667.5293133267,0.022251965993623803,0.024695786397449522,0.06591413390010627,0.03619121679064825,0.13071700850159404,0.2797701115834219,0.10865574388947928,0.02803538788522848,0.027508692879914982,0.1253342401700319,0.20743637619553668,0.4969704410201913
222,30,Broncos,2019,1490.98509177594,1505.09562610356,0.03685527098831031,0.02624789054197662,0.023960786397449522,0.038943018065887354,0.1394859032943677,0.2654928692879915,0.1013799202975558,0.17475009564293306,0.03747390010626993,0.05943412858660999,0.10340815621679064,0.47644620085015943
223,31,Dolphins,2019,1368.37901195527,1350.2214437836,0.03783155154091392,0.010572364505844846,0.11301544102019129,0.014825611052072264,0.05345103081827843,0.22969599893730075,0.03768192348565356,0.021284447396386824,0.030486572794899042,0.16284828374070137,0.09311803931987248,0.3454192667375133
224,0,Colts,2020,1589.73512562287,1587.53183593427,0.23766683148335016,0.028403839556004035,0.09795969223007063,0.05452151362260343,0.25687772956609484,0.6754296064581231,0.17085902623612512,0.07617541372351161,0.040282376387487384,0.03752339051463169,0.0675752522704339,0.3924154591321897
225,1,Raiders,2020,1457.19652059351,1466.64250473361,0.15956104944500504,0.041877033299697275,0.09190056004036327,0.07899797174571141,0.26810759334006057,0.6404442078708376,0.06678379414732594,0.09194008072653885,0.08269487891019173,0.10160482341069627,0.04230086781029263,0.3853244450050454
226,2,Eagles,2020,1387.19895791396,1393.1301378061,0.10823421796165489,0.018981705348133197,0.15107643794147327,0.07787645307769929,0.20178411705348134,0.557952931382442,0.13358108980827446,0.06131280020181635,0.026983017154389506,0.04557338546922301,0.043512946518668015,0.31096323915237134
227,3,Buccaneers,2020,1731.85389480625,1718.15494076772,0.1390338042381433,0.03516601917255298,0.07354620585267406,0.09986249747729566,0.20291434409687184,0.5505228708375378,0.10400005549949545,0.1510936427850656,0.09830083249243189,0.020780711402623612,0.032218657921291624,0.4063939001009082
228,4,Titans,2020,1577.59582583001,1554.40029526759,0.11696266397578203,0.043825923309788094,0.10677366801210898,0.03302104944500504,0.23772081231079717,0.5383041170534814,0.07091029263370333,0.07916607971745711,0.038472068617558024,0.06614359233097881,0.11167543390514632,0.3663674672048436
229,5,Packers,2020,1691.50614619346,1665.87722240012,0.1243468213925328,0.0356136629667003,0.10354153380423814,0.026749767911200806,0.23834207870837537,0.5285938647830474,0.07757750756811302,0.1804671190716448,0.0415031786074672,0.0741450454086781,0.048396982845610496,0.42208983350151363
230,6,Browns,2020,1545.04589365533,1562.12912487382,0.06023043895055499,0.03477826942482341,0.1673996316851665,0.04125150857719475,0.20475884460141272,0.5084186932391523,0.09038385469223006,0.13184794147325934,0.03461862764883956,0.04879847124117054,0.09119823410696266,0.3968471291624622
231,7,Cowboys,2020,1426.13635400424,1489.01375419122,0.18026603430877902,0.06234064076690212,0.09156891019172553,0.0330689404641776,0.1407810847628658,0.50802561049445,0.06738746215943492,0.07381038849646822,0.09360488900100908,0.026457487386478306,0.04874246215943492,0.3100026892028254
232,8,Chiefs,2020,1712.53668052337,1709.06629000965,0.036581750756811304,0.02572755297679112,0.1855596770938446,0.06346316851664985,0.18501032795156408,0.49634247729566094,0.09277989909182643,0.13814605449041373,0.10864918264379415,0.1170162209889001,0.03982772956609485,0.49641908678102925
233,9,Texans,2020,1396.66331314854,1371.35049179741,0.0723244954591322,0.08251209384460141,0.11658681634712412,0.030411523713420787,0.18967111503531786,0.4915060443995964,0.11614491927346116,0.0831408728557013,0.0901806004036327,0.03919307265388496,0.07747157921291625,0.40613104439959635
234,10,Bills,2020,1698.50579108611,1681.28984002896,0.04417986377396569,0.027575645812310798,0.17198883955600403,0.05231422805247225,0.19497542885973765,0.49103400605449044,0.10707914228052472,0.15856005045408678,0.08441908678102926,0.08405385469223008,0.10462586781029264,0.5387380020181635
235,11,Seahawks,2020,1596.12670156836,1577.39084637901,0.1617754793138244,0.05021053481331988,0.08184813824419777,0.06101936427850656,0.1344401816347124,0.48929369828456104,0.060440418768920284,0.0568863824419778,0.1709690363269425,0.059030650857719476,0.053250116044399595,0.4005766044399596
236,12,Falcons,2020,1474.24042564018,1449.24244182095,0.10851554994954592,0.04728968213925328,0.1354904843592331,0.01553258324924319,0.18158933905146316,0.48841763874873867,0.08990513622603431,0.07412255297679111,0.06562118567103935,0.0896603935418769,0.03544630676084763,0.3547555751765893
237,13,49ers,2020,1483.49892643522,1503.2725215752,0.14458620585267407,0.06383196266397578,0.056882785065590316,0.04155996468213925,0.1743360595358224,0.4811969778002018,0.0627025580221998,0.1371307618567104,0.02350252270433905,0.06555441977800201,0.11672553985872856,0.40561580221997984
238,14,Saints,2020,1669.93904703784,1700.9462124038,0.14941977800201817,0.05081470736629667,0.07957080221997982,0.06467621594349142,0.1353609687184662,0.4798424722502523,0.07825119071644804,0.074552790110999,0.07072355701311807,0.03448831987891019,0.08064031786074673,0.338656175580222
239,15,Bengals,2020,1365.67973851633,1406.34228709989,0.039769646821392536,0.05199747729566095,0.18761325428859738,0.05027957114026236,0.13747600908173563,0.46713595862764884,0.14768906659939454,0.021102351160443997,0.030079056508577194,0.06631853683148335,0.13963678102926336,0.4048257921291625
240,16,Giants,2020,1385.60162888808,1411.23980300217,0.042408193743693236,0.07024939455095863,0.1204891927346115,0.037434142280524725,0.17977232593340062,0.4503532492431887,0.12178261352169525,0.036782517658930376,0.08473624621594349,0.07521882946518668,0.065780141271443,0.3843003481331988
241,17,Chargers,2020,1492.91800231565,1472.71903703868,0.06597959636730576,0.03593638748738648,0.09845494450050454,0.08111503531786075,0.1616594500504541,0.4431454137235116,0.05710396569122099,0.17561452068617558,0.07795399091826438,0.04077186175580222,0.1122624419778002,0.4637067810292634
242,18,Rams,2020,1605.10140938942,1619.07993338441,0.15006095862764884,0.023296927346115034,0.08321915237134207,0.06414892532795156,0.11575400100908173,0.43647996468213923,0.17071380928355195,0.06087225529767911,0.015917315842583248,0.03138087285570131,0.06286877396569122,0.34175302724520684
243,19,Bears,2020,1491.75077003589,1490.3837981553,0.08221379919273461,0.026177209889001008,0.12651643794147327,0.050972648839556,0.150181614530777,0.43606171039354186,0.1179092381432896,0.17635680121089808,0.058377547931382445,0.03871570131180626,0.11182233602421796,0.5031816246215943
244,20,Panthers,2020,1402.30897758889,1419.72757097958,0.07871557517658931,0.06070555499495459,0.08433141775983855,0.015034298688193743,0.18151409182643793,0.4203009384460141,0.13254380928355197,0.05684344096871847,0.06134678102926337,0.0500335721493441,0.02183486881937437,0.3226024722502523
245,21,Lions,2020,1333.46787365505,1340.17818526472,0.11996201311806257,0.023012441977800203,0.08916103935418769,0.05272438446014127,0.11562987891019172,0.40048975782038343,0.04272990918264379,0.13368832492431887,0.08117376892028254,0.04196303229061554,0.14064212916246216,0.4401971644803229
246,22,Steelers,2020,1537.13048634888,1546.42891051278,0.13010807265388497,0.015907830474268414,0.029788309788092836,0.044994843592330976,0.17317248234106963,0.3939715388496468,0.16118486377396568,0.10559529767911201,0.07112995963673058,0.038000216952573156,0.11347919778002018,0.48938953582240163
247,23,Cardinals,2020,1477.15543352523,1443.44720210265,0.04832543390514632,0.05345018668012109,0.11710291624621594,0.02575799697275479,0.14809822906155398,0.3927347628657921,0.06456397578203835,0.16587773461150354,0.09195200807265388,0.034946740665993944,0.12614744702320888,0.4834879061553986
248,24,Vikings,2020,1489.28408148905,1480.95413899096,0.111872351160444,0.03613604439959637,0.09025547426841574,0.05811018163471241,0.08748996468213925,0.3838640161453078,0.045284828456104945,0.05888020181634712,0.12237529263370334,0.11973063067608476,0.04008321897073663,0.38635417255297677
249,25,Commanders,2020,1442.35069440388,1446.25437225627,0.10667626135216952,0.023394742684157418,0.025701664984863773,0.028938597376387487,0.18934952068617558,0.3740607870837538,0.07488615539858728,0.11824204843592331,0.0534906912209889,0.08889089303733602,0.06139576185671039,0.3969055499495459
250,26,Patriots,2020,1498.99619364888,1502.63501981288,0.01819035317860747,0.05878277497477296,0.09276118062563067,0.012227245206861756,0.18895014631685167,0.3709117003027245,0.06949683652875883,0.05510396569122099,0.012396125126135218,0.06795479818365288,0.20450150857719476,0.40945323410696266
251,27,Jets,2020,1320.12125032398,1329.53126092036,0.05419317356205853,0.011904702320887991,0.10138468718466195,0.03048220484359233,0.15170863269424822,0.34967340060544905,0.09343896569122098,0.035535676084762866,0.08524410696266398,0.043600625630676085,0.045853824419778005,0.30367319878910193
252,28,Dolphins,2020,1545.81951529027,1565.30692599829,0.06931436427850655,0.030517068617558023,0.0652610847628658,0.025986417759838547,0.13001788597376387,0.3210968213925328,0.04481473763874874,0.1522910595358224,0.04883753784056508,0.07872149344096872,0.17422410696266397,0.49888893541876894
253,29,Jaguars,2020,1256.03534491213,1254.9794506734,0.011195600403632695,0.021615287588294653,0.0656339152371342,0.035497800201816344,0.1728638900100908,0.3068064934409687,0.04577831483350151,0.05110853178607467,0.12195449041372351,0.03038455095862765,0.07726395560040364,0.32648984359233096
254,30,Ravens,2020,1656.25963657767,1650.44204382828,0.030104883955600403,0.04114906659939455,0.06455211402623613,0.04232876892028254,0.10654194248234107,0.2846767759838547,0.1397896770938446,0.13061258829465186,0.03593452573158426,0.030964783047426843,0.1825295206861756,0.5198310948536832
255,31,Broncos,2020,1422.04327672686,1429.25127999439,0.01987364278506559,0.04553794147325933,0.047006533804238144,0.036020141271442985,0.1237980625630676,0.27223632189707364,0.11916492936427851,0.18375304742684156,0.018933632694248234,0.13641652875882945,0.10160646821392533,0.5598746064581231
256,0,Browns,2021,1500.55812564886,1503.50001826229,0.09837574794520548,0.0659461808219178,0.10080786849315068,0.08828963287671233,0.2634668273972603,0.6168862575342465,0.02707025205479452,0.09880256438356165,0.04619299178082192,0.058077638356164384,0.09027608219178082,0.32041952876712326
257,1,Cowboys,2021,1590.1608815134,1598.52298568939,0.10485260273972603,0.05162437808219178,0.18299466301369863,0.04597507945205479,0.18112117260273972,0.566567895890411,0.04201711780821918,0.17410094794520548,0.06082388493150685,0.03146312328767123,0.08340618630136987,0.3918112602739726
258,2,Colts,2021,1561.85622501251,1543.18429531944,0.1212937698630137,0.037409079452054794,0.08872455342465753,0.057348991780821916,0.23995915616438357,0.5447355506849315,0.16415695890410958,0.06208161643835616,0.07279441095890411,0.031181539726027396,0.09747304109589042,0.42768756712328765
259,3,Packers,2021,1631.60528757942,1635.52918272931,0.1675674520547945,0.03613563287671233,0.1395970191780822,0.0345147397260274,0.14061777534246575,0.5184326191780821,0.08170990136986302,0.16844818630136987,0.020327046575342466,0.06711837808219179,0.05750225205479452,0.39510576438356165
260,4,Jets,2021,1294.97507212217,1304.80348092124,0.04362946301369863,0.02166580273972603,0.162046098630137,0.033841545205479454,0.25006914520547946,0.5112520547945205,0.10387407671232876,0.09797479452054794,0.09262779178082192,0.08580792328767123,0.038264054794520545,0.4185486410958904
261,5,Buccaneers,2021,1662.52291637793,1629.4468877395,0.07425760547945205,0.043306301369863014,0.1525744712328767,0.06162587397260274,0.1788054794520548,0.5105697315068494,0.1010250191780822,0.11438298630136987,0.08019800547945205,0.03620708493150685,0.0552355397260274,0.3870486356164384
262,6,Chargers,2021,1505.38896018277,1498.94589111821,0.04402893698630137,0.04680599452054795,0.1906953315068493,0.0437619397260274,0.17856951780821917,0.5038617205479452,0.10772372602739726,0.13814051506849315,0.0454885698630137,0.04283413150684932,0.12400254246575343,0.45818948493150685
263,7,49ers,2021,1611.72815719615,1621.96849390512,0.182735101369863,0.04797743561643836,0.05216091506849315,0.0416735397260274,0.1641731890410959,0.4887201808219178,0.11751121643835616,0.13774319452054795,0.041731660273972605,0.04964321095890411,0.07106540821917809,0.4176946904109589
264,8,Seahawks,2021,1537.97856321251,1526.22577207807,0.1836027397260274,0.048861342465753424,0.07090092602739725,0.03293247671232877,0.14760705205479452,0.48390453698630137,0.05050245479452055,0.06503666849315068,0.13416232328767122,0.061306931506849315,0.03704406575342466,0.34805244383561645
265,9,Jaguars,2021,1274.68374890612,1284.44302882506,0.04902867397260274,0.03543389589041096,0.0794293205479452,0.03479205479452055,0.28213177534246575,0.4808157205479452,0.07096048767123288,0.09933291506849315,0.09446872876712328,0.03687927671232877,0.07727112328767123,0.37891253150684934
266,10,Cardinals,2021,1500.03504709742,1497.23485698516,0.060722065753424655,0.024039276712328767,0.12307511780821918,0.059511145205479454,0.2094456602739726,0.4767932657534247,0.09654357808219179,0.18102374246575342,0.09359850410958905,0.06461963287671232,0.029297112328767125,0.4650825698630137
267,11,Titans,2021,1581.57162354651,1580.20309825542,0.06586483835616438,0.0850014794520548,0.053874728767123285,0.03969322739726027,0.22562831780821918,0.47006259178082194,0.05576321643835616,0.05880349589041096,0.05774134246575342,0.0986632602739726,0.061362619178082195,0.33233393424657537
268,12,Giants,2021,1326.21830375487,1345.25828948435,0.04922787945205479,0.07804437260273972,0.09370037808219178,0.07445789589041096,0.16738084383561644,0.4628113698630137,0.0983346301369863,0.03469989589041096,0.06230076164383562,0.08824586849315068,0.11352003287671233,0.39710118904109587
269,13,Falcons,2021,1402.50756276914,1397.08039086294,0.16125479452054794,0.01847533698630137,0.06670641643835616,0.059292641095890414,0.15538052602739727,0.46110971506849313,0.15812888767123287,0.07579837808219178,0.05674506301369863,0.02771453698630137,0.048871528767123286,0.3672583945205479
270,14,Dolphins,2021,1557.4692245915,1546.39753016952,0.06550345753424658,0.03244357808219178,0.21141957260273972,0.056474432876712326,0.09265714520547945,0.45849818630136985,0.07159903561643835,0.06175391780821918,0.054163654794520545,0.07121859726027398,0.18855421369863012,0.4472894191780822
271,15,Raiders,2021,1486.94327504517,1484.96970994159,0.14117808219178082,0.057881446575342464,0.031889616438356166,0.04790799452054795,0.17661212602739726,0.45546926575342467,0.06454148493150685,0.1017251287671233,0.10441481643835616,0.034237205479452054,0.050980076712328765,0.35589871232876713
272,16,Commanders,2021,1445.43404724709,1489.88827870268,0.07447640547945206,0.021653868493150683,0.06040016438356165,0.038802087671232874,0.23845272328767123,0.4337852493150685,0.11130272328767123,0.07642997808219178,0.05684270136986301,0.12485401643835617,0.12108367123287671,0.4905130904109589
273,17,Vikings,2021,1517.95035055498,1513.4760302582,0.18239415342465753,0.0392657698630137,0.0801559397260274,0.02611413698630137,0.10397894246575343,0.4319089424657534,0.08743984657534247,0.09420655890410959,0.13031994520547946,0.05838884931506849,0.06879526575342466,0.43915046575342465
274,18,Texans,2021,1362.11281782216,1378.88499199434,0.12519909589041095,0.04544762739726027,0.06430844931506849,0.03081196712328767,0.159904701369863,0.4256718410958904,0.05436141917808219,0.03555078356164384,0.07257284383561644,0.0748306301369863,0.07135112876712328,0.3086668054794521
275,19,Bengals,2021,1584.78992755421,1576.86828708271,0.054345764383561646,0.06110361643835616,0.11090420821917808,0.04828180273972603,0.14046301369863012,0.41509840547945204,0.1349948,0.10247633972602739,0.03655079452054794,0.0654538410958904,0.1771569315068493,0.5166327068493151
276,20,Bills,2021,1668.87014265676,1644.03657733055,0.07092592328767124,0.02602224109589041,0.12241173150684931,0.011795890410958904,0.18068572602739727,0.41184151232876715,0.11747060821917808,0.13281031780821917,0.12641196712328767,0.07439989589041096,0.07310443835616438,0.5241972273972603
277,21,Bears,2021,1414.26258047224,1407.50758501589,0.08308053150684931,0.03722269589041096,0.13049960547945205,0.04972451506849315,0.10304820821917808,0.40357555616438356,0.14761437808219177,0.15919139726027398,0.08184715616438357,0.04861643835616438,0.03571189589041096,0.47298126575342464
278,22,Patriots,2021,1553.0044713785,1548.9237408196,0.025455813698630137,0.03285107397260274,0.09789301369863014,0.0837152,0.16233689315068492,0.40225199452054794,0.05271527123287671,0.09621732602739726,0.12487149041095891,0.11401620821917809,0.11251864109589041,0.5003389369863014
279,23,Rams,2021,1669.64215399693,1653.15963991998,0.11789041095890411,0.035751742465753425,0.08408626849315068,0.04689873424657534,0.10910243835616439,0.39372959452054795,0.13499322191780821,0.05644498630136986,0.01608474520547945,0.02498891506849315,0.0962312,0.32874306849315066
280,24,Broncos,2021,1418.20323521714,1431.91469939472,0.03870397260273973,0.07026409863013698,0.08572505753424657,0.029521254794520547,0.15208236164383562,0.37629674520547945,0.059966279452054794,0.06792172602739727,0.05676849315068493,0.07196436164383561,0.1582636876712329,0.41488454794520546
281,25,Saints,2021,1563.22255657997,1578.64254079677,0.023375983561643835,0.04498781917808219,0.08036256438356164,0.0649522794520548,0.16126169863013698,0.3749403452054795,0.044489386301369865,0.09247950684931507,0.06411716164383562,0.10419056438356164,0.04537596712328767,0.35065258630136986
282,26,Steelers,2021,1512.71526517945,1504.93887334872,0.16357844383561643,0.030028301369863012,0.046839857534246576,0.038333594520547944,0.08287801643835617,0.36165821369863016,0.12652476712328767,0.05679577534246576,0.06209403835616439,0.04005441095890411,0.12022106849315069,0.4056900602739726
283,27,Chiefs,2021,1690.35199973553,1674.94373345998,0.05124226849315069,0.0297748,0.1253036109589041,0.05244325479452055,0.10201509589041095,0.3607790301369863,0.10129405479452054,0.1621606410958904,0.08755302465753424,0.12934174246575342,0.04963358904109589,0.5299830520547946
284,28,Ravens,2021,1510.98232834757,1535.27351288828,0.02207450410958904,0.04000002191780822,0.07906128767123288,0.05750475068493151,0.14499723835616438,0.34363780273972605,0.17840835616438355,0.052165879452054795,0.04886434520547945,0.041670953424657535,0.17244370410958904,0.4935532383561644
285,29,Panthers,2021,1364.60179848564,1356.55563959461,0.06386128767123288,0.047727813698630134,0.09138254246575342,0.022100345205479453,0.1160016493150685,0.3410736383561644,0.07969709589041096,0.0604323397260274,0.057525172602739726,0.04540864109589041,0.10949797808219178,0.35256122739726026
286,30,Lions,2021,1356.70343836731,1318.92223446829,0.07694285479452055,0.02831184109589041,0.028310860273972602,0.03708815890410959,0.16840654246575343,0.33906025753424657,0.05835983561643836,0.1589018301369863,0.034760964383561646,0.03550991232876712,0.06318705753424657,0.3507196
287,31,Eagles,2021,1500.81919031168,1488.83443124037,0.014370909589041097,0.01965531506849315,0.056077895890410956,0.03171457534246575,0.2090348109589041,0.3308535068493151,0.1179600602739726,0.09106357808219179,0.02990401095890411,0.03006634520547945,0.08287283287671234,0.3518668273972603
288,0,Commanders,2022,1484.99412417376,1495.91089059477,0.15779815561959654,0.02460117195004803,0.1364607060518732,0.046385907780979826,0.17029479827089336,0.535540739673391,0.09672412584053794,0.08204596061479347,0.046341311239193085,0.031569644572526416,0.0739243227665706,0.33060536503362153
289,1,Cowboys,2022,1627.73166270028,1619.64703392162,0.10242955811719501,0.10060077809798271,0.06454622958693564,0.06483748318924111,0.19875284341978866,0.5311668924111431,0.0399112055715658,0.09336268011527378,0.05655707973102786,0.0448966330451489,0.09028944284341979,0.3250170413064361
290,2,Chiefs,2022,1756.52124873819,1720.36746452323,0.186481176753122,0.03052121037463977,0.0824880307396734,0.0554373823246878,0.15429444284341978,0.5092222430355428,0.16880849663784822,0.10125014889529299,0.025270946205571566,0.051355691642651295,0.026900187319884725,0.3735854707012488
291,3,Titans,2022,1443.79454150902,1450.34852205873,0.1907334293948127,0.05744945725264169,0.06783723342939481,0.03358136407300672,0.14263869836695486,0.49224018251681073,0.07877942363112392,0.130333679154659,0.0420583381364073,0.067965441882805,0.05498256003842459,0.3741194428434198
292,4,Jets,2022,1395.61191495311,1391.43760379499,0.06874266090297791,0.022135763688760808,0.12353148895292987,0.04025257925072046,0.22467328530259367,0.4793357780979827,0.09812726705091258,0.15997172910662824,0.05143645052833814,0.04298418828049952,0.07934743996157541,0.4318670749279539
293,5,Lions,2022,1508.89445089201,1504.80783192948,0.15475264169068204,0.04400878482228626,0.06746106147934679,0.011185158501440922,0.2014461335254563,0.4788537800192123,0.06122835734870317,0.13582001921229586,0.03974632084534102,0.042869212295869354,0.08680109990393851,0.3664650096061479
294,6,Cardinals,2022,1382.07112527079,1369.58975631393,0.07852509606147935,0.02984513928914505,0.1182604851104707,0.03420406820365034,0.214607353506244,0.47544214217098946,0.11288781460134487,0.04727291066282421,0.07382010086455332,0.09417365994236311,0.034217612872238234,0.36237209894332373
295,7,Patriots,2022,1513.30988941794,1509.6997341722,0.03099597502401537,0.026857007684918346,0.16905433237271855,0.11483007684918348,0.12901929875120077,0.4707566906820365,0.08995690201729106,0.10771499519692604,0.039501114313160425,0.08252605187319885,0.09601516810758885,0.4157142315081652
296,8,Chargers,2022,1516.5854351119,1551.1048171826,0.049391959654178676,0.04743312199807877,0.18173942363112391,0.032758155619596545,0.15260739193083572,0.46393005283381367,0.06617381844380403,0.19853803073967338,0.04641606628242075,0.0638314121037464,0.10489672430355428,0.47985605187319885
297,9,Vikings,2022,1528.76716300576,1525.44425681527,0.15713193083573487,0.07206374639769453,0.10078737271853987,0.020579000960614793,0.11195187800192123,0.46251392891450527,0.07432415465898175,0.0957883237271854,0.0937287656099904,0.05801084053794429,0.051198876080691645,0.3730509606147935
298,10,Packers,2022,1533.61147872079,1545.71243254426,0.1542645437079731,0.03750043227665706,0.05813129682997118,0.04787640249759846,0.1499603073967339,0.4477329827089337,0.10959137367915465,0.08962631123919308,0.04659281460134486,0.07368220461095101,0.07601768011527378,0.3955103842459174
299,11,Buccaneers,2022,1477.13103244106,1476.08825534111,0.0757071613832853,0.03653268972142171,0.12319748799231509,0.03253836695485111,0.17745411623439,0.4454298222862632,0.07802866954851105,0.062654558117195,0.12968166666666667,0.033578674351585014,0.0790945148895293,0.383038083573487
300,12,Broncos,2022,1374.00929081427,1388.32341265631,0.08685158501440922,0.030766085494716617,0.0933528818443804,0.025273885686839578,0.2068909846301633,0.44313542267050915,0.06614841498559078,0.05108234390009606,0.033568948126801154,0.11166809317963497,0.10967733429394813,0.37214513448607106
301,13,Ravens,2022,1534.59684497063,1571.06952373877,0.11575722862632085,0.039287483189241114,0.03658415946205572,0.05911179154658982,0.18577462055715657,0.4365152833813641,0.05377052353506244,0.0714578818443804,0.037714125840537946,0.05795774255523535,0.15419411623439,0.37509439000960615
302,14,Jaguars,2022,1516.60791397775,1514.92712401045,0.05436674351585014,0.0251316618635927,0.13981168587896253,0.0799812343900096,0.1361885734870317,0.4354798991354467,0.08941560999039386,0.1426571902017291,0.05691134486071085,0.07116566762728146,0.13739318443804036,0.49754299711815564
303,15,Dolphins,2022,1493.01409919236,1487.37851787485,0.07460235830931797,0.030177771373679156,0.10638083573487031,0.094253381364073,0.12078756484149857,0.426201911623439,0.10601537463976946,0.07736781460134486,0.07602637848222862,0.05157314601344861,0.14015614313160424,0.4511388568683958
304,16,Bengals,2022,1718.95187366284,1678.80582028751,0.05443021613832853,0.07461003842459174,0.1070993659942363,0.0351823679154659,0.14722391930835735,0.41854590778097983,0.12227617195004803,0.11847704610951008,0.03841412103746398,0.1293386023054755,0.09747273294908741,0.5059786743515851
305,17,Colts,2022,1371.09386404822,1375.6105084133,0.10645320845341018,0.018342814601344862,0.0436188088376561,0.044456978866474546,0.20344065321805957,0.41631246397694527,0.13974712295869357,0.10576163784822286,0.09941623919308358,0.02545245437079731,0.10518499039385207,0.4755624447646494
306,18,Browns,2022,1496.43702405962,1480.39116632222,0.07177198847262248,0.06965948126801152,0.05578312199807877,0.029642339097022095,0.18158144572526416,0.408438376560999,0.045308924111431316,0.09160055235350624,0.04719660902977906,0.05671914505283381,0.059629798270893375,0.3004550288184438
307,19,Giants,2022,1469.35655712821,1483.58381154779,0.0546950144092219,0.044866560999039386,0.16241125840537946,0.004632564841498559,0.14167217098943324,0.4082775696445725,0.10743907780979826,0.05424658021133526,0.019154486071085493,0.03670468780019212,0.07273406340057637,0.2902788952929875
308,20,Saints,2022,1510.40969424795,1507.30872047825,0.034118635926993275,0.04718800672430355,0.12304642170989433,0.0380564409221902,0.15196662343900097,0.3943761287223823,0.05369036503362152,0.10768510086455331,0.05653456292026897,0.05319992795389049,0.0742088088376561,0.3453187656099904
309,21,Raiders,2022,1464.56708782343,1470.85569171963,0.0980707636887608,0.04432005283381364,0.09242682516810759,0.07290633045148895,0.08558772814601345,0.39331170028818446,0.03975803554274736,0.13074547550432278,0.03822363592699327,0.0237207204610951,0.05057298270893372,0.28302085014409223
310,22,49ers,2022,1685.44954565216,1693.21385824946,0.10910295389048992,0.015055489913544669,0.07223531700288184,0.04983914024975985,0.14180669548511046,0.38803959654178677,0.08902515850144092,0.12136857829010567,0.07944916906820365,0.08429348703170028,0.06982272334293949,0.44395911623439
311,23,Bills,2022,1692.13965651146,1675.57077009781,0.09716849663784823,0.03506189241114313,0.09117509125840538,0.02162191642651297,0.1409748655139289,0.3860022622478386,0.0790516906820365,0.0580116330451489,0.1157145437079731,0.08718410182516811,0.12637362632084534,0.46633559558117194
312,24,Panthers,2022,1467.39642446248,1461.85282712266,0.09827918347742555,0.01839558117195005,0.06187646013448607,0.025232036503362153,0.15990195965417867,0.3636852209414025,0.05478375600384246,0.04544814121037464,0.11197246397694524,0.03267420749279539,0.08046350624399616,0.3253420749279539
313,25,Rams,2022,1422.36304980567,1437.90540290406,0.0799709125840538,0.013530225744476465,0.13687451008645532,0.026292584053794428,0.09736987992315081,0.35403811239193084,0.20518309317963496,0.04570916906820365,0.02731039865513929,0.033385494716618634,0.1484879682997118,0.46007612391930836
314,26,Seahawks,2022,1499.87760577214,1451.91036534104,0.025500585975024016,0.045678170028818445,0.11485220941402498,0.03814198366954851,0.11320326128722383,0.3373762103746398,0.11696312199807878,0.07751658021133526,0.04902054274735831,0.08708574447646494,0.03764678194044188,0.36823277137367916
315,27,Eagles,2022,1647.91383327451,1633.8045364841,0.024054899135446686,0.025196474543707974,0.06560902017291066,0.02953319404418828,0.18033224303554274,0.32472583093179636,0.1480132949087416,0.10409911143131605,0.029251301633045148,0.025671440922190203,0.08421075888568684,0.39124590778097984
316,28,Texans,2022,1312.06682267482,1311.25758233351,0.01852218059558117,0.026321892411143133,0.07717911143131605,0.01782220461095101,0.17967768491834774,0.3195230739673391,0.03566695004803074,0.07650931796349664,0.06091855427473583,0.045701359269932754,0.08078475984630164,0.2995809414024976
317,29,Falcons,2022,1440.71648036454,1371.52749944931,0.03027711335254563,0.023508693563880884,0.045801431316042265,0.051287838616714695,0.15777350624399616,0.30864858309317966,0.08695707973102786,0.02918877041306436,0.023618256484149856,0.02146073967339097,0.06740169548511048,0.22862654178674352
318,30,Bears,2022,1320.72472886436,1311.92341071251,0.03322484630163305,0.023539788664745438,0.053389236311239194,0.02764693083573487,0.13195717098943324,0.26975797310278576,0.05667296349663785,0.027133021133525455,0.03296269932756964,0.09767531700288185,0.026507516810758885,0.2409515177713737
319,31,Steelers,2022,1553.19638806703,1545.15144157718,0.04926897694524496,0.027272175792507205,0.07310171469740634,0.016140547550432278,0.08664251200768491,0.2524259269932757,0.17215980307396733,0.13426881364073007,0.08053403938520654,0.06383387127761768,0.07708106628242074,0.5278775936599424
