,Team,Season,EndSeasonELO,QBAdjEndSeasonElo,QB,RB,WR,TE,OL,Offense,IDL,EDGE,LB,S,CB,Defense
0,Eagles,2013,1539.795,1554.69547658,13385137,10203112,19241989,5509036,25664899,74004173,5264666,10241101,10004817,6920158,6032738,38463480
1,Seahawks,2013,1765.956,1764.48429441,1557085,10799653,16831423,12778788,27955261,69922210,7701509,25013832,7377232,8579619,3507877,52180069
2,Titans,2013,1447.633,1437.31831808,6336958,15376098,12686896,6979500,26721984,68101436,6496528,8776293,5740835,10777066,9602477,41393199
3,Broncos,2013,1683.635,1667.95837239,18716295,5070632,10120554,8013902,25550424,67471807,6880138,10234767,8030669,5894346,17559225,48599145
4,Giants,2013,1489.916,1491.35548751,21998400,5036739,8677626,2998913,24235900,62947578,5118995,9523813,7916847,12704990,11202110,46466755
5,Texans,2013,1324.796,1351.11136572,11756250,10825134,14247672,6948519,18690874,62468449,15386734,3770636,7593313,7816547,16655776,51223006
6,Saints,2013,1608.105,1604.12090894,18193235,9159749,11679433,3245951,18150025,60428393,6485380,14326594,11034166,9960582,11598369,53405091
7,Vikings,2013,1459.736,1438.52260169,8470554,15752460,10378281,4582245,20329032,59512572,11556066,24552100,13577945,5691438,4206849,59584398
8,Chargers,2013,1587.307,1578.05424802,15996516,5201250,10926398,8795715,17428226,58348105,6241425,13838120,4555052,11490435,4839588,40964620
9,Falcons,2013,1435.737,1425.67985753,10920140,6293062,17406642,6938146,16464048,58022038,9806798,8139270,8433728,7249890,9276181,42905867
10,Lions,2013,1456.038,1455.9109212,21556666,3987009,15383546,4207277,12601451,57735949,14671559,7814297,10468126,4758334,6133807,43846123
11,49ers,2013,1719.144,1724.73516463,2897535,9182062,16963177,10569598,17581156,57193528,11028483,10194288,7666512,10696955,13185741,52771979
12,Jets,2013,1446.08,1448.30952148,14759018,4154535,12811933,2593765,20679882,54999133,5447833,4476989,15203295,3028114,13025418,41181649
13,Packers,2013,1497.24,1531.23761283,13013000,2429420,10223980,11341695,17211503,54219598,15831195,12650974,9100786,4969273,13957143,56509371
14,Patriots,2013,1684.189,1678.16220596,14603953,3682367,8749814,4150882,22775490,53962506,15169500,6420702,10801171,7386653,8618787,48396813
15,Commanders,2013,1346.719,1351.58001185,5972967,2212882,19735321,4645357,20025614,52592141,14227749,9152416,10476684,4619719,7102431,45578999
16,Bears,2013,1487.86,1501.43626297,11276471,12036166,16580067,2495000,10071052,52458756,10999363,18744765,12510915,3802254,15375000,61432297
17,Panthers,2013,1612.531,1595.92337437,7579454,9290450,11041036,4325000,18981126,51217066,5096152,11629844,12335911,6639853,3244456,38946216
18,Cardinals,2013,1574.032,1564.93385142,6172993,5306754,15022466,4425078,19171690,50098981,20498000,5347625,7964030,2809618,10407900,47027173
19,Cowboys,2013,1499.061,1501.73162354,13818982,2257011,8120768,5623758,19470710,49291229,4133225,20864805,7285429,3626564,12623808,48533831
20,Colts,2013,1557.828,1550.42554025,8626545,7195732,11908481,2615661,18601449,48947868,13140390,16498650,4492779,13323235,9596407,57051461
21,Chiefs,2013,1502.672,1518.21784732,10708333,5379755,8668150,3435650,20708982,48900870,13759289,17451636,5081500,13251425,13096878,62640728
22,Rams,2013,1516.625,1540.04072327,13705176,2637944,5479738,6217555,19240160,47280573,9376091,13967275,15711252,3645196,17453159,60152973
23,Buccaneers,2013,1401.742,1406.41222249,1184375,4644753,13444505,2393504,25305673,46972810,14773893,5032152,5804388,13033579,19521921,58165933
24,Steelers,2013,1553.346,1544.48574528,15393138,2549641,8799844,9207474,10836255,46786352,12586770,12823812,9155304,16480395,11069889,62116170
25,Jaguars,2013,1289.122,1284.98250016,8347588,9012941,6832868,7160882,14812080,46166359,4612010,9323215,13544999,2631626,3572072,33683922
26,Bengals,2013,1588.084,1566.02467546,2881583,5750703,8730272,5005166,22390147,44757871,13979869,24778885,8370673,5834061,16118302,69081790
27,Ravens,2013,1542.168,1521.32888328,7381327,7936927,7986810,3966000,16354916,43625980,17275372,19320572,4593000,3813423,10949281,55951648
28,Bills,2013,1431.774,1450.80871856,4663940,8362867,8979223,4489668,14455361,40951059,16611040,13270000,5414838,10503423,7069748,52869049
29,Dolphins,2013,1471.411,1461.48378955,5859205,2412352,8242874,6007127,17575011,40096569,15944118,11848139,9006508,5027138,13351955,55177858
30,Browns,2013,1332.799,1324.51805687,4171299,2200883,5666354,2620527,23789034,38448097,19697955,14276906,7765000,2500318,10928931,55169110
31,Raiders,2013,1303.569,1328.85947268,1146517,11735884,4609651,1496363,10275023,29263438,5163512,2078750,6548030,6752294,6782330,2732491
0,Falcons,2014,1440.528,1442.78066944,18576474,6980028,17966288,1247246,26480666,71250702,14382019,9969271,7666852,7645545,5342576,45006263
1,Broncos,2014,1640.491,1631.57428579,18629094,2748063,18771159,3669295,25225932,69043543,7401361,18552790,3982315,7141122,15320403,52397991
2,Saints,2014,1477.055,1475.40918124,19064118,5399617,12178739,6269241,25334966,68246681,8932135,5228215,10041920,9017368,8305918,41525556
3,Chargers,2014,1531.285,1499.55746116,17856766,8605886,10851816,9315091,19973727,66603286,7275737,12045271,6024227,13044216,6186511,44575962
4,Rams,2014,1462.917,1459.72680593,19930000,3635133,7489962,8642056,26264010,65961161,12047009,21708707,13272617,4207611,3599498,54835442
5,Eagles,2014,1564.482,1612.59874861,3772237,16415834,10693053,5720045,29339566,65940735,6088275,17791018,10285319,7603608,13632290,55400510
6,Bears,2014,1376.341,1390.68872755,19219118,9580845,12299126,7234947,16590321,64924357,4235688,14352349,10686451,4434278,11742197,45450963
7,Dolphins,2014,1472.771,1469.967593,9024346,5275190,28597229,2453213,19150146,64500124,8558325,16269884,19901899,7286117,12603136,64619361
8,Vikings,2014,1466.355,1453.65458725,10278077,13954903,10289462,3870027,24118962,62511431,9823887,16318199,13041933,3934664,7924243,51042926
9,Texans,2014,1504.432,1534.68727025,4907663,9457433,19869037,4412445,22861050,61507628,8117519,8070107,8574142,3124451,17795552,45681771
10,49ers,2014,1540.348,1519.35201111,6114325,8372771,14014025,9364040,22908605,60773766,14858320,9959422,14238165,7042189,7623157,53721253
11,Giants,2014,1466.792,1457.22195425,21008400,5120134,12922572,2083825,19002962,60137893,6171260,6942313,14546482,14367378,11998314,54025747
12,Lions,2014,1554.901,1571.84486164,17031668,6083043,18606777,5509002,11871158,59101648,27994602,10114648,13479446,5342000,4023173,60953869
13,Commanders,2014,1304.68,1339.99304386,7082926,2678257,18448822,3831981,26783400,58825386,22282539,15092287,5082772,3143824,7461353,53062775
14,Jets,2014,1407.73,1410.90130957,5402878,6138225,15118083,3321133,27006154,56986473,7501734,7897645,9264790,4571367,7604495,36840031
15,Titans,2014,1256.471,1280.49615945,6035575,6896110,9394069,8033603,26321377,56680734,14188978,9059903,6628324,14007775,10683260,54568240
16,Patriots,2014,1743.296,1730.94268599,15446036,4537291,13923556,7369559,15395126,56671568,10516902,5631786,12844605,8593385,15181481,52768159
17,Chiefs,2014,1556.994,1562.94311512,8786939,11495196,17692219,6165390,12179435,56319179,14297941,16416918,7815650,14822053,8579227,61931789
18,Steelers,2014,1591.656,1578.10145807,21333138,1669039,7942649,7847766,14731514,53524106,9360367,13428435,15222160,10751868,13352245,62115075
19,Bengals,2014,1557.404,1559.10002038,10928123,3654864,10856116,8253862,19718975,53411940,16160671,14597786,13702366,6534061,17739200,68734084
20,Packers,2014,1649.058,1647.90301233,19273750,2878903,9395943,2464445,18882444,52895485,7465236,23761153,11140825,7570989,19240070,69178273
21,Cowboys,2014,1632.404,1625.55497173,12764666,2815945,5655361,9965144,21402763,52603879,5927135,5288895,10078315,4115045,21287488,46696878
22,Cardinals,2014,1558.344,1566.64701015,16676701,2653397,14667325,4410632,13774076,52182131,25825251,9394096,6943566,3473804,16867423,62504140
23,Buccaneers,2014,1312.593,1326.33261935,5512169,3929661,17087432,4133809,20487478,51150549,26581339,14179861,4809468,10665150,12689893,68925711
24,Jaguars,2014,1282.358,1286.47938515,9554830,6308882,8703307,10592682,15825958,50985659,11745833,17144223,13828131,2960477,4986002,50664666
25,Panthers,2014,1550.894,1507.57541363,8743113,11891700,4162200,9273200,16431582,50501795,6505547,26696480,9299071,4944876,1839412,49285386
26,Browns,2014,1380.232,1389.92594054,2807980,1529301,10771737,4683350,30648671,50441039,17269848,13935899,7257125,6699334,17398562,62560768
27,Seahawks,2014,1763.828,1721.63400341,2227438,9949013,6213265,7351109,23339609,49080434,11876832,14437175,11003673,14824595,6488073,58630348
28,Ravens,2014,1613.12,1596.9423266,15578427,1891185,6901832,4991340,17657641,47020425,21184683,14137592,5493818,5389608,11857910,58063611
29,Bills,2014,1548.583,1541.44828562,6126486,11520979,6857046,3098194,19208595,46811300,13808832,23537100,12589051,7300537,12531233,69766753
30,Colts,2014,1619.146,1615.8516099,9779454,4019936,11976863,2894739,16559625,45230617,18595139,16302457,7916347,7474934,15753451,66042328
31,Raiders,2014,1330.278,1333.5511733,9471691,6996329,9015614,1400205,17354097,44237936,8198430,14641333,5264934,13433828,11631671,53170196
0,Broncos,2015,1703.16973722965,1718.65203873,19067139,2115642,23083075,7984142,25231140,77481138,9780662,21029315,3297368,11305871,13543730,58956946
1,Vikings,2015,1598.24001680929,1597.49414116,5245038,16960950,15700531,8705993,29660487,76272999,10108617,15465984,11870684,5565439,14643487,57654211
2,Commanders,2015,1491.92281670655,1491.25482808,8997885,3242342,24335809,5451490,27764389,69791915,20732031,9316339,7356014,6696517,10756352,54857253
3,Jets,2015,1530.74586368258,1533.2771757,5192407,6431875,20552089,4191281,33201673,69569325,17349030,3696387,10546255,8846076,31508947,71946695
4,Eagles,2015,1479.27406638098,1499.27368136,17392354,12012071,9224526,6878554,23951203,69458708,8704164,16527523,8452587,11129568,13900914,58714756
5,Patriots,2015,1655.6326335728,1629.33643954,14791795,4340249,16040318,12066813,21165260,68404435,7937534,12837644,12503493,11471634,4536710,49287015
6,Chargers,2015,1405.15928805237,1384.06432333,23002368,7201545,8556430,10790590,18814927,68365860,13709705,4619834,10188872,12240418,9571186,50330015
7,Lions,2015,1501.77973813622,1486.03054445,18498450,5554369,25484600,7702332,10416454,67656205,12313980,11899684,13578562,8736044,5062376,51590646
8,Bears,2015,1413.53459155126,1410.29709794,16725388,11448751,12781274,7560294,17921204,66436911,5097132,17841113,4210126,8796854,6925380,42870605
9,Cardinals,2015,1666.41983644068,1637.17073535,11834168,2946734,16186291,5182957,29469242,65619392,23944442,5601270,9462857,4181310,22409565,65599444
10,Falcons,2015,1476.24946129346,1495.87557354,20208674,2086750,23948138,2839587,15191609,64274758,14046673,11391348,6048588,7655153,5104050,44245812
11,Panthers,2015,1697.86889802518,1671.43940228,15429000,9847396,8456702,8146666,21230527,63110291,6489428,23632158,18067227,5187392,4940895,58317100
12,Bengals,2015,1615.18717709026,1612.52878423,10238778,4040770,18726078,3962305,26041777,63009708,14160300,11753976,20598622,8119150,16808890,71440938
13,Jaguars,2015,1330.58608866858,1334.37340989,8194273,5564721,7847093,16447200,24810232,62863519,22356097,12025078,13628224,5375948,9416089,62801436
14,Saints,2015,1442.75004641375,1457.36271497,25358586,5692821,9440930,3887942,18404737,62785016,4811895,5489433,10157172,11168099,9757823,41384422
15,Giants,2015,1450.81697279006,1452.04660933,15240800,6883801,14975789,1889705,23070742,62060837,5124721,13672478,10989660,3336069,17527051,50649979
16,Packers,2015,1621.15382846677,1631.8644652,20090908,2917044,13021509,3295825,21065314,60390600,10632552,35680871,1045193,10790891,13207797,71357304
17,Ravens,2015,1460.74749859615,1463.50664205,16944412,2913788,9824791,8910235,20756704,59349930,6445633,14548637,7764297,17048671,7299764,53107002
18,Steelers,2015,1634.53784311281,1603.59779374,20358139,3265082,10701027,6131594,18800947,59256789,14557602,7727575,13207206,5560650,13377624,54430657
19,Cowboys,2015,1416.48184054555,1457.78162534,16983000,3636824,11395882,8455213,17609241,58080160,3212519,16676513,12864734,5252185,24161659,62167610
20,49ers,2015,1403.51690145519,1383.62869769,17234471,4458248,13805614,2762661,19757909,58018903,6591793,11474979,10783706,8880119,6467970,44198567
21,Browns,2015,1339.27401908104,1340.19157705,8093954,1964338,14792090,5193030,27241456,57284868,15138196,14097291,9223625,11656943,23514408,73630463
22,Chiefs,2015,1679.11311411644,1656.39592828,21476940,9656539,6172669,2273413,16685651,56265212,11816841,13645289,8095994,14112700,11077574,58748398
23,Rams,2015,1466.34205513992,1474.71412452,5218449,4573838,11865185,15475441,18702572,55835485,10316492,37018755,10685780,8220899,4293600,70535526
24,Raiders,2015,1429.83909329251,1419.66572876,1918064,3907750,12243561,4799545,31155998,54024918,10429225,13003817,12767283,14730695,4515992,55447012
25,Buccaneers,2015,1365.85474448027,1372.03139622,5965886,5081515,18129732,4336557,20141348,53655038,23969929,5445509,12188387,4087338,8260432,53951595
26,Seahawks,2015,1699.33804723292,1666.88076769,8554868,10635847,9888081,10063162,12810650,51952608,9600635,18100443,12650324,13893024,15557555,69801981
27,Texans,2015,1506.02341058991,1517.94256794,6357837,10875801,6411093,5702571,22553824,51901126,20580901,9018355,12609806,4828838,23059240,70097140
28,Colts,2015,1473.95309197012,1504.57198862,10966900,5547765,13153178,4034629,14365795,48068267,14935562,24983566,10511983,5801282,21055447,77287840
29,Dolphins,2015,1405.60722224873,1416.58132696,7625864,2623010,7039908,6819535,23159445,47267762,11620268,18738508,9272473,10861046,14670090,65162385
30,Bills,2015,1525.71213489963,1540.71740161,3732738,7707163,12781663,5735146,15086305,45043015,16827353,27384012,7282129,5657363,16809630,73960487
31,Titans,2015,1271.67892192839,1302.76440208,5017020,5286810,8113034,10447500,11157861,40022225,21122812,10312803,6083453,12937775,15939246,66396089
0,Cowboys,2016,1601.70812425366,1604.4416614,23926148,9073966,19837501,9867494,21408752,84113861,4585559,10409388,15942586,8367517,20670361,59975411
1,Commanders,2016,1504.18685549695,1489.35516219,22237334,2428948,23519793,8387911,26070817,82644803,9823954,11615247,4179207,7736030,10733385,44087823
2,Steelers,2016,1645.77936709142,1637.88687777,25334805,4433346,16885326,4133728,28392364,79179569,14224578,10044940,20449321,7261255,6603699,58583793
3,Patriots,2016,1778.59273128479,1730.33187721,15259305,5014925,17034672,12753868,26847155,76909925,5119235,14912527,13450124,12755434,4775449,51012769
4,Chargers,2016,1403.06923425015,1412.87830592,17180000,7117376,18017691,8274768,25663138,76252973,17468654,14930795,5378711,7089050,18462884,63330094
5,Falcons,2016,1673.30685490373,1647.14158625,25631100,1852741,21945916,5486900,21046268,75962925,3803031,20886504,10513747,4903067,6580038,46686387
6,Vikings,2016,1494.76191894199,1475.98861501,12430538,13666191,8596564,7804564,32879606,75377463,11885987,16151461,11877574,12925603,16485260,69325885
7,Bears,2016,1323.40207327931,1361.47128489,20140353,2164522,23144751,4465009,25002276,74916911,10499728,23295184,11928466,3785524,9703965,59212867
8,Panthers,2016,1537.81574853788,1533.57102314,21450000,10958863,8550593,8019942,25130242,74109640,9915073,5907171,18305233,5817094,3505394,43449965
9,Colts,2016,1518.06820621915,1532.98299037,19980000,5551333,14669690,11144550,20978970,72324543,11141107,17579573,6160859,7650838,13866511,56398888
10,Bengals,2016,1521.4544575497,1519.33194119,14195413,7582248,17965568,4895878,26963355,71602462,15774614,15267615,15238247,10932963,20040214,77253653
11,Buccaneers,2016,1505.84745607234,1510.14008504,8192029,9960806,20084145,4575686,28332177,71144843,18489165,14390783,15028993,5670300,21537490,75116731
12,Cardinals,2016,1552.73239023628,1539.95603755,20967647,5171763,19073522,5942819,19298535,70454286,23704115,12115452,6216592,11210539,16623998,69870696
13,Packers,2016,1627.5835790072,1617.97990027,19910320,4891731,20545094,3544204,20810535,69701884,14048475,32922762,1857299,10976780,16459880,76265196
14,Raiders,2016,1542.27738559716,1567.27307744,4623009,2818849,19361975,5870639,36972041,69646513,10767380,19443717,7072959,12697085,20847900,70829041
15,Lions,2016,1498.59816851101,1487.27600228,23338824,3971695,17699492,6514242,17174595,68698848,8782820,8535944,13539421,11189104,8071148,50118437
16,Giants,2016,1543.15403863728,1565.8800941,25595300,9665597,15930551,3014714,13382316,67588478,9138463,24753166,12393270,3598913,21773449,71657261
17,Jaguars,2016,1320.47630089253,1356.44040213,10864196,5551588,14724668,11943324,23735090,66818866,33501913,7011441,11297021,7647569,16930497,76388441
18,Ravens,2016,1484.14934980593,1497.99601624,24056900,2492212,13619295,8561035,18007403,66736845,7240013,17109523,4802149,18916487,13055152,61123324
19,Jets,2016,1424.84828828688,1431.76273049,10107898,5337110,20760335,2530923,27844419,66580685,21908891,2652225,10859069,7858962,24531901,67811048
20,Eagles,2016,1514.14579357338,1524.44131068,9960643,10317028,4931355,6394996,33687976,65291998,9762192,19854836,12105117,11531668,7119979,60373792
21,Chiefs,2016,1667.22342735373,1654.14357197,20232200,8036819,16078663,4923789,14976072,64247543,17326136,21124929,7381104,15661151,5252667,66745987
22,Titans,2016,1437.07268250335,1455.21882158,7534058,7603960,14852328,10992080,21398613,62381039,15355883,17193846,8042363,10382798,13084964,64059854
23,Texans,2016,1500.70851237544,1506.7136673,14412646,7911734,6448981,2062362,31103538,61939261,22938450,14197538,14400101,5327548,19939515,76803152
24,Dolphins,2016,1510.27899613903,1524.03173871,13281182,1974686,6367688,11317299,28834646,61775501,17479805,24908290,8873417,11884805,12949485,76095802
25,49ers,2016,1277.68929964534,1257.33522189,23694507,3028926,11876072,5615042,16923639,61138186,9996826,13678890,16215848,10807904,9075198,59774666
26,Bills,2016,1473.69152450601,1472.77093993,10286322,10305929,12971463,7994746,19315114,60873574,22682421,11436205,4326517,14367753,15208647,68021543
27,Rams,2016,1345.69018673175,1341.73680043,9453311,6684248,16984504,7779092,18948473,59849628,12337912,22337341,9904864,6193434,14857989,65631540
28,Seahawks,2016,1603.85238667581,1597.46082611,18997000,2236171,13750952,12684653,6307577,53976353,5661793,17312549,15426110,17920176,20642727,76963355
29,Saints,2016,1494.89105525916,1481.00808967,18617300,4961190,5224319,5726719,19176356,53705884,5140464,9660901,9598215,16579686,4828050,45807316
30,Broncos,2016,1580.79944965147,1561.4731743,2261161,7652724,24631438,4002548,14289846,52837717,14874328,22787306,6341732,11486444,22329018,77818828
31,Browns,2016,1251.15149006353,1244.62659626,11022385,2873269,8060225,3663632,20849784,46469295,11120534,1500998,6626100,2503713,23427666,45179011
0,Steelers,2017,1641.20439958251,1637.4270714,21004781,13113454,17778997,3945253,39055012,94897497,15833947,8183830,6906583,12475138,11466541,54866039
1,Raiders,2017,1444.84301126192,1439.15599889,17066663,3913937,21228435,8513978,43010782,93733795,4925768,16020328,3913692,11365174,22873492,59098454
2,Falcons,2017,1648.46065963157,1636.94234994,27422800,5928217,28103286,4019531,25953036,91426870,11309437,18256298,8512929,6556132,15535401,60170197
3,Commanders,2017,1454.75359091002,1451.22513959,27543600,4474359,10894949,11840649,34757110,89510667,12451986,17002208,8198492,6606862,24425407,68684955
4,Cardinals,2017,1471.48162601747,1472.79909258,29489118,3666976,20439056,6097469,28917997,88610616,11978095,14486303,6172044,15728455,21047533,69412430
5,Packers,2017,1455.07949952385,1513.43822292,21034437,2394382,31564129,3754657,28553585,87301190,14712089,26170012,2563395,11727962,9272758,64446216
6,Eagles,2017,1717.6794953608,1725.16501637,7948686,7712155,20433394,10106000,34671590,80871825,14920141,21800072,14705805,14776850,4361412,70564280
7,Bears,2017,1413.29322088047,1417.12261769,21278625,2385295,14645439,10633090,31878770,80821219,14795376,16993112,11977212,7234912,17788027,68788639
8,Panthers,2017,1572.44216745769,1564.31329766,22710632,11316345,7593965,15861068,22836833,80318843,19975799,14930437,27237850,7693071,6607630,76444787
9,Saints,2017,1624.23551000279,1604.96211922,20365000,6649958,7172234,13281931,32749192,80218315,7351727,15826140,11368168,9465615,5035764,49047414
10,Patriots,2017,1724.11799474451,1701.76972721,14476471,11010522,18838336,12917262,22196744,79439335,10484357,5229052,13278110,23735041,16603309,69329869
11,Dolphins,2017,1422.30579465002,1402.21003716,33058282,3310080,9776316,9519411,22688764,78352853,21338272,20091185,11883805,11301524,5758889,70373675
12,Ravens,2017,1550.40515466265,1556.42174496,26742000,5270289,16212624,5393387,23346656,76964956,8142163,11289373,5332555,12619611,15031988,52415690
13,Cowboys,2017,1568.35964250336,1557.2308752,1782314,7879602,26062634,16565097,23737956,76027603,4846639,17309055,13571954,3098994,10844663,49671305
14,Bengals,2017,1459.42288378329,1469.31947294,16798413,7569296,24430688,9413806,17262341,75474544,12361126,14384255,17613896,10969118,22900422,78228817
15,Chargers,2017,1564.88380311096,1544.73313814,19155000,5059879,20577484,8986982,21498674,75278019,17068671,23167189,5864393,6553828,9329846,61983927
16,Bills,2017,1500.82485027929,1493.0511155,10238211,11190118,6496909,11467859,35796366,75189463,10325927,13718331,7077973,7686153,5801497,44609881
17,Colts,2017,1357.85656330066,1336.87701735,22129791,6704574,15603598,10039875,20295961,74773799,14868181,21252770,3079205,7567614,4398800,51166570
18,Lions,2017,1532.76267558556,1512.31446349,17047200,5553764,18671297,5529031,22993789,69795081,15087353,14892449,12040537,11021745,17917711,70959795
19,Giants,2017,1365.01624092829,1370.05574972,21444105,6846041,14572454,4806305,21971246,69640151,13231093,26432590,11922152,3870386,27976841,83433062
20,Jaguars,2017,1549.72760663819,1564.94333023,10071983,13724506,13512773,7480525,23902263,68692050,36897369,8251178,13216415,15958866,13849553,88173381
21,Texans,2017,1343.90508962322,1380.2428413,3855907,9441681,22653336,10632622,20476207,67059753,17826431,14975844,9833223,10598898,21425963,74660359
22,Vikings,2017,1650.82931901696,1654.50163931,22523284,6109029,10830686,7988864,19431712,66883575,13847877,15647606,10635653,11466277,21360634,72958047
23,Buccaneers,2017,1451.72245356069,1441.92358692,11738985,8969129,18804531,3178912,23495847,66187404,30220786,9762983,8819460,8500031,17764740,75068000
24,Chiefs,2017,1603.8390121732,1578.26015143,21205288,4243728,5474701,7192941,25611612,63728270,16972578,35949428,6576004,14053421,6828257,80379688
25,Broncos,2017,1422.84140727554,1398.93281109,3920973,6090264,25054318,4832368,23704519,63602442,18109284,23398406,9388589,8775903,24273641,83945823
26,Rams,2017,1542.42298356784,1532.13258318,7755133,6953354,25219237,3237501,20306285,63471510,19055848,15841769,17897035,5194177,22147687,80136516
27,Seahawks,2017,1565.06922566055,1565.84891104,15443870,5565665,8724467,12553573,21118436,63406011,9895825,19887433,18261753,20890487,23142234,92077732
28,Titans,2017,1491.26182783631,1517.56102053,10351646,8746428,19514493,7486458,17127063,63226088,20991161,23008834,9206570,13657831,15276846,82141242
29,Jets,2017,1396.21359929815,1359.69410861,8334184,10310192,8058956,2443262,29743163,58889757,30004586,5244382,5963101,6921694,16360022,64493785
30,Browns,2017,1200.36524640909,1208.15051817,2209957,4470494,5198547,3254760,41615803,56749561,5528898,9198852,21613135,3882857,7163759,47387501
31,49ers,2017,1451.7116669848,1459.52232576,1280189,2825514,13826473,3831656,25604947,47368779,8811687,17957489,8945957,9535769,6441770,51692672
0,49ers,2018,1381.44773691811,1436.38612259,38197259,8311842,18448916,3643398,33769652,102371067,10033146,16528345,8852841,3207934,18947503,57569769
1,Raiders,2018,1355.66092668292,1342.90817267,25915200,7694424,18652510,11533431,36376204,100171769,11861506,2352299,10206380,11068824,11492532,46981541
2,Falcons,2018,1527.97373691553,1486.42069485,22329200,7325063,24432270,2433131,40262172,96781836,6021602,11943939,8581239,9445802,26512595,62505177
3,Packers,2018,1430.19705490299,1447.39790335,22071928,1581868,26709607,10835666,33058976,94258045,19391088,23692894,4603006,2949361,10277116,60913465
4,Commanders,2018,1409.03268764508,1432.64014848,22370588,6464791,11550945,16639653,35598047,92624024,11918322,17481245,6801489,5638443,21140054,62979553
5,Browns,2018,1431.32960206708,1453.98890044,24442360,5651728,19436865,7333699,34889282,91753934,2692766,13837156,21595019,5640141,18933305,62698387
6,Saints,2018,1663.90490475508,1640.74319351,26852600,7093841,12859196,7775068,35725330,90306035,7215630,20379299,14765854,7798629,8475586,58634998
7,Chargers,2018,1626.12787700872,1622.0840553,23129200,4755413,25433190,7068484,27984393,88370680,14590006,22744570,6339835,10693090,17921985,72289486
8,Colts,2018,1589.11184794951,1584.60067223,25722676,2083712,20549797,13375573,25098865,86830623,11406297,12518570,3849218,6461829,5307934,39543848
9,Vikings,2018,1555.13593138993,1547.02379903,26462000,8510220,15333845,9592122,26668316,86566503,18526098,18610741,18490720,15731056,22554099,93912714
10,Buccaneers,2018,1414.65900288688,1397.75625141,12616903,3981361,34124743,10224401,25173502,86120910,30935514,21624467,14813639,6026118,15212917,88612655
11,Eagles,2018,1619.7703388785,1599.3828962,21505365,5143228,16761079,7215415,35461396,86086483,19610353,20521371,7463300,16905015,5420767,69920806
12,Patriots,2018,1708.78473216437,1702.94630785,23044200,7894058,15575488,16740476,20349864,83604086,8841997,12784037,12418619,22783881,15107401,71935935
13,Panthers,2018,1526.56815861144,1524.11856735,22245471,6826065,12594544,9312292,32444025,83422397,25938492,15594755,18109544,8525314,10046763,78214868
14,Bears,2018,1630.84689717264,1627.35641814,10598281,2865819,26134139,16862132,25838059,82298430,16269909,26108093,12062109,4184476,18514959,77139546
15,Bengals,2018,1390.30027271495,1417.60189017,17198153,6168245,22333466,9109741,26761854,81571459,17980043,21586114,18408108,6721891,22735864,87432020
16,Steelers,2018,1605.78982950909,1595.34295567,24607847,1545560,13094252,5891394,35090781,80229834,18570996,7627086,15162163,7577505,18261233,67198983
17,Jets,2018,1324.94966353912,1324.67179847,15760757,8070717,13044099,3861826,36847212,77584611,16336478,5967157,11918348,10941303,27956260,73119546
18,Lions,2018,1483.27911390454,1471.67213181,27560000,7708425,10261176,4771517,26454707,76755825,6088251,19866349,13152062,13868343,12942767,65917772
19,Seahawks,2018,1595.61747289036,1579.2254705,24620964,4655724,20229810,3273982,22883379,75663859,5451644,5314490,26759580,26285750,7339007,71150471
20,Dolphins,2018,1370.26814280588,1371.23515158,10507195,4122610,25766603,4425226,30559407,75381041,5156706,38276611,14286351,13320269,3678898,74718835
21,Jaguars,2018,1430.3736091278,1455.12001344,10786333,12425774,17287457,4822038,28024882,73346484,49441021,1915141,11985485,11226426,27090280,101658353
22,Cowboys,2018,1567.45640810761,1563.00693251,1816903,7705768,17811897,2372304,43159686,72866558,5600665,30183328,18325353,4718347,5642991,64470684
23,Chiefs,2018,1650.61614068496,1618.98757416,6462373,3839568,13410657,12846159,35054355,71613112,13806414,30874001,6439413,20988021,5449388,77557237
24,Giants,2018,1411.5883036424,1419.33903833,23411925,11329128,12265128,7070209,16351639,70428029,6466608,23401317,7366336,5267371,13155011,55656643
25,Ravens,2018,1603.30887336888,1605.78405402,27572118,3363334,12886087,4763673,21740115,70325327,9730013,11748483,10994045,16441962,26734432,75648935
26,Titans,2018,1525.8608052937,1537.28398178,9704446,6578378,8480482,11782366,33732729,70278401,26799400,19778901,12351575,11696707,20975177,91601760
27,Broncos,2018,1421.24629188002,1400.81518309,15706000,1963621,14510892,2980830,27685340,62846683,19610747,22060696,13626497,8651558,23101585,87051083
28,Rams,2018,1644.52349932507,1636.13314742,8767592,9038320,14151679,2758153,27763882,62479626,39110096,5284312,10912796,13578223,20726753,89612180
29,Texans,2018,1520.58279645841,1544.24539553,4498746,8781571,22937792,3958681,21831728,62008518,19458959,20876470,10503200,11881679,32029767,94750075
30,Cardinals,2018,1323.11063335304,1320.42697539,5229993,6642019,21383544,8338914,16580007,58174477,6574896,22609536,12827408,8859951,16131635,67003426
31,Bills,2018,1420.13552226018,1386.13489059,4972932,12700103,3135006,10226000,13535618,44569659,13874163,18752548,8735891,12472941,7366816,61202359
0,Packers,2019,1621.18790916331,1625.46468966929,30060000,2275911,16313123,16508239,45779795,110937068,8776062,18915217,4713346,8930462,13575522,54910609
1,Buccaneers,2019,1495.44382461137,1484.56509413829,23770750,5056256,21803199,11313773,42981228,104925206,21184145,18583642,17521770,5355326,4962631,67607514
2,Chargers,2019,1453.08550278259,1447.78606341549,27064655,6477550,23608026,7014216,37523591,101688038,8892283,29172771,11889408,7265608,12377117,69597187
3,Commanders,2019,1300.23623787008,1297.39015556034,29974202,8218621,9962196,17664279,32197919,98017217,11134561,18408787,3849469,7558867,22689383,63641067
4,Bengals,2019,1321.44101963515,1321.50365074598,17389080,7753530,28740271,10882654,32697458,97462993,18381875,13617308,4597140,7071863,23542739,67210925
5,Raiders,2019,1403.48916222534,1404.63808764026,25688481,8002165,14399349,5767514,40914105,94771614,5970975,10718493,8512658,19976408,9652415,54830949
6,Browns,2019,1408.29999845939,1420.46623115244,11826075,3404034,35727967,6562380,36723539,94243995,11397361,24112662,14396593,15255977,21268697,86431290
7,Saints,2019,1662.20841768561,1651.90184888899,26595000,3756693,13051443,6502176,42560951,92466263,10807620,14664025,20311789,4190537,16638197,66612168
8,Cowboys,2019,1545.67304424046,1525.72291117328,2903516,7258235,23195205,6115957,52928659,92401572,16270733,24047890,14935984,5626954,11759970,72641531
9,49ers,2019,1653.17796249979,1660.53569062136,21532358,12516472,15349829,4258221,37558398,91215278,7219127,39706057,15326818,10736568,16769419,89757989
10,Titans,2019,1646.16177921523,1628.89095568405,23283000,7319205,16140089,8786988,34514326,90043608,25607015,8743596,10915774,8433793,30531666,84231844
11,Colts,2019,1471.48216687227,1457.93690074112,11793235,2907359,31309352,14444000,29040221,89494167,6581313,31084855,4862403,9200559,21669013,73398143
12,Giants,2019,1334.10697188401,1337.14409354851,28405163,8989981,16166352,8759798,26599108,88920402,7672043,10746861,14231925,8300429,5000958,45952216
13,Vikings,2019,1604.21004013685,1600.71011370887,29905000,4409766,22442158,6058384,24116130,86931438,15106796,23691333,12871959,15018703,27075664,93764455
14,Rams,2019,1569.8510689254,1568.92982897427,11765577,12126193,26412655,4228642,31811467,86344534,30585660,17851822,6129397,9800904,11806937,76174720
15,Lions,2019,1354.3534226843,1384.35609458618,31930059,2307429,17465459,6730065,27129944,85562956,15087044,9609031,15306901,5017157,23637112,68657245
16,Chiefs,2019,1744.77087613445,1735.92025087664,9288808,6758058,25947032,12691900,30594087,85279885,7958341,13963072,11996608,14285030,9297683,57500734
17,Falcons,2019,1549.27334860298,1550.66738588644,18063000,9484109,15332230,5258881,36609416,84747636,17244922,10698868,21102931,10218404,17012133,76277258
18,Seahawks,2019,1567.84860383132,1554.09434075038,26996766,5035413,12335319,6730075,33430896,84528469,5120514,21581217,27139216,10653670,4300635,68795252
19,Eagles,2019,1540.34136055502,1534.5459098766,14278779,5468274,19997045,7822805,36444965,84011868,17465235,11566811,7692784,20577441,9679240,66981511
20,Patriots,2019,1619.7966571491,1624.76353470428,22535204,12229419,18179022,2677268,23741152,79362065,6821358,10952860,19123431,27918225,18863654,83679528
21,Jets,2019,1434.59480924715,1437.7634728734,9491711,11432801,19374147,3093662,35809241,79201562,18448512,6035480,25047180,11243424,22098745,82873341
22,Steelers,2019,1515.05470626793,1568.30209877572,27991392,1766913,4570576,8105668,36091768,78526317,31563825,14409336,13056501,5534972,18112322,82676956
23,Texans,2019,1539.39506985025,1548.54190342643,7833793,12744125,27327533,3376502,26680848,77962801,24929692,18363703,9961506,11103156,19735855,84093912
24,Bears,2019,1534.34698873534,1516.70686575326,14055437,1792775,28561458,12492121,19864821,76766612,18306693,19067986,16116704,5683006,30304445,89478834
25,Cardinals,2019,1411.47539941423,1386.08975719085,8296599,12140266,16674681,3588603,34014338,74714487,10667138,21964198,7709824,4786932,17466133,62594225
26,Jaguars,2019,1405.25387771843,1433.41549623195,13149963,9322496,13956013,5508925,32106212,74043609,27738114,7443609,12613248,6361198,24220950,78377119
27,Panthers,2019,1374.10334851294,1422.72924524254,24395545,6283177,9197102,9028498,22616326,71520648,30399334,18490862,22276998,8586514,7357669,87111377
28,Bills,2019,1514.53188614032,1505.67094496893,6713826,4562191,18785529,10198933,31194376,71454855,21159179,26135699,11160531,12774835,7549959,78780203
29,Ravens,2019,1705.14631176135,1667.5293133267,4187820,4647747,12405040,6811187,24600941,52652735,20449011,5276260,5177136,23587904,39039526,93529837
30,Broncos,2019,1490.98509177594,1505.09562610356,6936162,4939853,4509420,7329076,26251247,49965758,19079701,32887968,7052588,11185503,19461415,89667175
31,Dolphins,2019,1368.37901195527,1350.2214437836,7119898,1989719,21269506,2790180,10059484,43228787,7091738,4005733,5737573,30648047,17524815,65007906
0,Colts,2020,1589.73512562287,1587.53183593427,47105566,5629641,19415611,10806164,50913166,133870148,33864259,15097967,7983967,7437136,13393415,77776744
1,Raiders,2020,1457.19652059351,1466.64250473361,31625000,8300028,18214691,15657398,53138925,126936042,13236548,18222524,16390125,20138076,8384032,76371305
2,Eagles,2020,1387.19895791396,1393.1301378061,21452022,3762174,29943350,15435113,39993612,110586271,26475772,12152197,5348034,9032645,8624266,61632914
3,Buccaneers,2020,1731.85389480625,1718.15494076772,27556500,6969905,14576858,19792747,40217623,109113633,20612811,29946760,19483225,4118737,6385738,80547271
4,Titans,2020,1577.59582583001,1554.40029526759,23182000,8686298,21162541,6544772,47116265,106691876,14054420,15690717,7625164,13109660,22134071,72614032
5,Packers,2020,1691.50614619346,1665.87722240012,24645540,7058628,20521932,5301804,47239400,104767304,15375862,35768583,8225930,14695548,9592282,83658205
6,Browns,2020,1545.04589365533,1562.12912487382,11937673,6893053,33178607,8176049,40583203,100768585,17914080,26132262,6861412,9671857,18075490,78655101
7,Cowboys,2020,1426.13635400424,1489.01375419122,35728728,12355915,18148958,6554264,27902811,100690676,13356195,14629219,18552489,5243874,9660756,61442533
8,Chiefs,2020,1712.53668052337,1709.06629000965,7250503,5099201,36777928,12578400,36669047,98375079,18388976,27380548,21534268,23192615,7893856,98390263
9,Texans,2020,1396.66331314854,1371.35049179741,14334715,16353897,23107507,6027564,37592815,97416498,23019923,16478521,17873795,7768067,15354867,80495173
10,Bills,2020,1698.50579108611,1681.28984002896,8756449,5465493,34088188,10368680,38644130,97322940,21223086,31426602,16731863,16659474,20736847,106777872
11,Seahawks,2020,1596.12670156836,1577.39084637901,32063900,9951728,16222301,12094038,26646044,96978011,11979291,11274881,33886063,11699875,10554173,79394283
12,Falcons,2020,1474.24042564018,1449.24244182095,21507782,9372815,26854214,3078558,35991007,96804376,17819198,14691090,13006119,17770690,7025458,70312555
13,49ers,2020,1483.49892643522,1503.2725215752,28656986,12651495,11274168,8237185,34553407,95373241,12427647,27179317,4658200,12992886,23135002,80393052
14,Saints,2020,1669.93904703784,1700.9462124038,29615000,10071475,15770933,12818826,26828544,95104778,15509386,14776363,14017409,6835585,15982911,67121654
15,Bengals,2020,1365.67973851633,1406.34228709989,7882344,10305900,37184947,9965411,27247745,92586347,29271973,4182486,5961669,13144334,27676010,80236472
16,Giants,2020,1385.60162888808,1411.23980300217,8405304,13923430,23880958,7419447,35630875,89260014,24137314,7290295,16794724,14908372,13037624,76168329
17,Chargers,2020,1492.91800231565,1472.71903703868,13077156,7122592,19513770,16077000,32040903,87831421,11318006,34806798,15450481,8080983,22250416,91906684
18,Rams,2020,1605.10140938942,1619.07993338441,29742082,4617451,16494036,12714317,22942443,86510329,33835477,12064881,3154812,6219689,12460591,67735450
19,Bears,2020,1491.75077003589,1490.3837981553,16294775,5188323,25075558,10102779,29765996,86427431,23369611,34953918,11570430,7673452,22163187,99730598
20,Panthers,2020,1402.30897758889,1419.72757097958,15601427,12031841,16714487,2979798,35976093,83303646,26270183,11266370,12158932,9916654,4327671,63939810
21,Lions,2020,1333.46787365505,1340.17818526472,23776471,4561066,17671718,10449973,22917842,79377070,8469068,26497026,16088641,8317073,27875270,87247078
22,Steelers,2020,1537.13048634888,1546.42891051278,25787420,3152932,5904043,8917978,34322786,78085159,31946840,20928988,14097958,7531643,22491577,96997006
23,Cardinals,2020,1477.15543352523,1443.44720210265,9578101,10593827,23209798,5105235,29353069,77840030,12796580,32876967,18224888,6926444,25002424,95827303
24,Vikings,2020,1489.28408148905,1480.95413899096,22173100,7162164,17888635,11517438,17340511,76081848,8975453,11670056,24254783,23730611,7944494,76575397
25,Commanders,2020,1442.35069440388,1446.25437225627,21143235,4636838,5094070,5735630,37529075,74138848,14842436,23435574,10601855,17618175,12168640,78666680
26,Patriots,2020,1498.99619364888,1502.63501981288,3605328,11650746,18385266,2423440,37449919,73514699,13774273,10921606,2456912,13468641,40532199,81153631
27,Jets,2020,1320.12125032398,1329.53126092036,10741087,2359512,20094445,6041573,30068651,69305268,18519603,7043171,16895382,8641644,9088228,60188028
28,Dolphins,2020,1545.81951529027,1565.30692599829,13738107,6048483,12934747,5150508,25769545,63641390,8882281,30184088,9679600,15602600,34531218,98879787
29,Jaguars,2020,1256.03534491213,1254.9794506734,2218968,4284150,13008642,7035664,34261623,60809047,9073262,10129711,24171380,6022218,15313716,64710287
30,Ravens,2020,1656.25963657767,1650.44204382828,5966788,8155745,12794229,8389562,21116613,56422937,27706314,25887415,7122223,6137220,36177351,103030523
31,Broncos,2020,1422.04327672686,1429.25127999439,3938956,9025620,9316695,7139192,24536776,53957239,23618489,36419854,3752646,27037756,20138402,110967147
0,Browns,2021,1500.55812564886,1503.50001826229,17953574,12035178,18397436,16112858,48082696,112581742,4940321,18031468,8430221,10599169,16475385,58476564
1,Cowboys,2021,1590.1608815134,1598.52298568939,19135600,9421449,33396526,8390452,33054614,103398641,7668124,31773423,11100359,5742020,15221629,71505555
2,Colts,2021,1561.85622501251,1543.18429531944,22136113,6827157,16192231,10466191,43792546,99414238,29958645,11329895,13284980,5690631,17788830,78052981
3,Packers,2021,1631.60528757942,1635.52918272931,30581060,6594753,25476456,6298940,25662744,94613953,14912057,30741794,3709686,12249104,10494161,72106802
4,Jets,2021,1294.97507212217,1304.80348092124,7962377,3954009,29573413,6176082,45637619,93303500,18957019,17880400,16904572,15659946,6983190,76385127
5,Buccaneers,2021,1662.52291637793,1629.4468877395,13552013,7903400,27844841,11246722,32632000,93178976,18437066,20874895,14636136,6607793,10080486,70636376
6,Chargers,2021,1505.38896018277,1498.94589111821,8035281,8542094,34801898,7986554,32588937,91954764,19659580,25210644,8301664,7817229,22630464,83619581
7,49ers,2021,1611.72815719615,1621.96849390512,33349156,8755882,9519367,7605421,29961607,89191433,21445797,25138133,7616028,9059886,12969437,76229281
8,Seahawks,2021,1537.97856321251,1526.22577207807,33507500,8917195,12939419,6010177,26938287,88312578,9216698,11869192,24484624,11188515,6760542,63519571
9,Jaguars,2021,1274.68374890612,1284.44302882506,8947733,6466686,14495851,6349550,51489049,87748869,12950289,18128257,17240543,6730468,14101980,69151537
10,Cardinals,2021,1500.03504709742,1497.23485698516,11081777,4387168,22461209,10860784,38223833,87014771,17619203,33036833,17081727,11793083,5346723,84877569
11,Titans,2021,1581.57162354651,1580.20309825542,12020333,15512770,9832138,7244014,41177168,85786423,10176787,10731638,10537795,18006045,11198678,60650943
12,Giants,2021,1326.21830375487,1345.25828948435,8984088,14243098,17100319,13588566,30547004,84463075,17946070,6332731,11369889,16104871,20717406,72470967
13,Falcons,2021,1402.50756276914,1397.08039086294,29429000,3371749,12173921,10820907,28356946,84152523,28858522,13833204,10355974,5057903,8919054,67024657
14,Dolphins,2021,1557.4692245915,1546.39753016952,11954381,5920953,38584072,10306584,16909929,83675919,13066824,11270090,9884867,12997394,34411144,81630319
15,Raiders,2021,1486.94327504517,1484.96970994159,25765000,10563364,5819855,8743209,32231713,83123141,11778821,18564836,19055704,6248290,9303864,64951515
16,Commanders,2021,1445.43404724709,1489.88827870268,13591944,3951831,11023030,7081381,43517622,79165808,20312747,13948471,10373793,22785858,22097770,89518639
17,Vikings,2021,1517.95035055498,1513.4760302582,33286933,7166003,14628459,4765830,18976157,78823382,15957772,17192697,23783390,10655965,12555136,80144960
18,Texans,2021,1362.11281782216,1378.88499199434,22848835,8294192,11736292,5623184,29182608,77685111,9920959,6488018,13244544,13656590,13021581,56331692
19,Bengals,2021,1584.78992755421,1576.86828708271,9918102,11151410,20240018,8811429,25634500,75755459,24636551,18701932,6670520,11945326,32331140,94285469
20,Bills,2021,1668.87014265676,1644.03657733055,12943981,4749059,22340141,2152750,32975145,75161076,21438386,24237883,23070184,13577981,13341560,95665994
21,Bears,2021,1414.26258047224,1407.50758501589,15162197,6793142,23816178,9074724,18806298,73652539,26939624,29052430,14937106,8872500,6517421,86319081
22,Patriots,2021,1553.0044713785,1548.9237408196,4645686,5995321,17865475,15278024,29626483,73410989,9620537,17559662,22789047,20807958,20534652,91311856
23,Rams,2021,1669.64215399693,1653.15963991998,21515000,6524693,15345744,8559019,19911195,71855651,24636263,10301210,2935466,4560477,17562194,59995610
24,Broncos,2021,1418.20323521714,1431.91469939472,7063475,12823198,15644823,5387629,27755031,68674156,10943846,12395715,10360250,13133496,28883123,75716430
25,Saints,2021,1563.22255657997,1578.64254079677,4266117,8210277,14666168,11853791,29430260,68426613,8119313,16877510,11701382,19014778,8281114,63994097
26,Steelers,2021,1512.71526517945,1504.93887334872,29853066,5480165,8548274,6995881,15125238,66002624,23090770,10365229,11332162,7309930,21940345,74038436
27,Chiefs,2021,1690.35199973553,1674.94373345998,9351714,5433901,22867909,9570894,18617755,65842173,18486165,29594317,15978427,23604868,9058130,96721907
28,Ravens,2021,1510.98232834757,1535.27351288828,4028597,7300004,14428685,10494617,26461996,62713899,32559525,9520273,8917743,7604949,31470976,90073466
29,Panthers,2021,1364.60179848564,1356.55563959461,11654685,8710326,16677314,4033313,21170301,62245939,14544720,11028902,10498344,8287077,19983381,64342424
30,Lions,2021,1356.70343836731,1318.92223446829,14042071,5166911,5166732,6768589,30734194,61878497,10650670,28999584,6343876,6480559,11531638,64006327
31,Eagles,2021,1500.81919031168,1488.83443124037,2622691,3587095,10234216,5787910,38148853,60380765,21527711,16619103,5457482,5487108,15124292,64215696
0,Commanders,2022,1484.99412417376,1495.91089059477,32853576,5121964,28411119,9657546,35455377,111499582,20137963,17081969,9648261,6572800,15391044,68832037
1,Cowboys,2022,1627.73166270028,1619.64703392162,21325834,20945082,13438525,13499164,41380342,110588947,8309513,19438110,11775184,9347479,18798262,67668548
2,Chiefs,2022,1756.52124873819,1720.36746452323,38825381,6354516,17174008,11542063,32124103,106020071,35145929,21080281,5261411,10692255,5600619,77780495
3,Titans,2022,1443.79454150902,1450.34852205873,39710700,11960977,14123712,6991640,29697377,102484406,16401876,27135472,8756546,14150405,11447369,77891668
4,Jets,2022,1395.61191495311,1391.43760379499,14312222,4608666,25719256,8380587,46776978,99797709,20430097,33306114,10709069,8949308,16520137,89914725
5,Lions,2022,1508.89445089201,1504.80783192948,32219500,9162629,14045393,2328750,41941085,99697357,12747744,28277728,8275184,8925370,18071989,76298015
6,Cardinals,2022,1382.07112527079,1369.58975631393,16348925,6213758,24621833,7121287,44681251,98987054,23503243,9842220,15369345,19606956,7124107,75445871
7,Patriots,2022,1513.30988941794,1509.6997341722,6453362,5591629,35197112,23907622,26861818,98011543,18729027,22426262,8224132,17181924,19990358,86551703
8,Chargers,2022,1516.5854351119,1551.1048171826,10283406,9875576,37838148,6820248,31772859,96590237,13777389,41335618,9663825,13289700,21839498,99906030
9,Vikings,2022,1528.76716300576,1525.44425681527,32714868,15003672,20983931,4284548,23308381,96295400,15474289,19943129,19514329,12077857,10659606,77669210
10,Packers,2022,1533.61147872079,1545.71243254426,32117878,7807590,12102936,9967867,31221736,93218007,22816924,18660198,9700624,15340635,15826881,82345262
11,Buccaneers,2022,1477.13103244106,1476.08825534111,15762231,7606106,25649717,6774488,36945947,92738489,16245569,13044679,26999723,6991080,16467478,79748529
12,Broncos,2022,1374.00929081427,1388.32341265631,18082500,6405499,19436070,5262023,43074703,92260795,13772100,10635344,6989055,23249297,22834821,77480617
13,Ravens,2022,1534.59684497063,1571.06952373877,24100655,8179654,7616822,12307075,38678276,90882482,11195023,14877531,7852081,12066802,32103215,78094652
14,Jaguars,2022,1516.60791397775,1514.92712401045,11319156,5232412,29108793,16652093,28354461,90666915,18616330,29701227,11848942,14816692,28605261,103588452
15,Dolphins,2022,1493.01409919236,1487.37851787485,15532211,6283012,22148490,19623554,25147971,88735238,22072401,16107979,15828692,10737529,29180509,93927110
16,Bengals,2022,1718.95187366284,1678.80582028751,11332371,15533810,22298088,7324969,30652020,87141258,25457899,24666921,7997820,26928297,20293823,105344760
17,Colts,2022,1371.09386404822,1375.6105084133,22163558,3818974,9081436,9255943,42356344,86676255,29095351,22019573,20698461,5299201,21899515,99012101
18,Browns,2022,1496.43702405962,1480.39116632222,14942928,14503104,11614046,6171535,37805257,85036870,9433318,19071235,9826334,11808926,12414924,62554737
19,Giants,2022,1469.35655712821,1483.58381154779,11387502,9341218,33814024,964500,29496146,85003390,22368816,11294138,3987964,7641916,15143232,60436066
20,Saints,2022,1510.40969424795,1507.30872047825,7103500,9824543,25618265,7923351,31639451,82109110,11178334,22420038,11770496,11076225,15450274,71895367
21,Raiders,2022,1464.56708782343,1470.85569171963,20418333,9227435,19243265,15179098,17819365,81887496,8277623,27221208,7958161,4938654,10529295,58924941
22,49ers,2022,1685.44954565216,1693.21385824946,22715235,3134553,15039393,10376509,29524154,80789844,18535038,25268938,16541317,17549904,14537091,92432288
23,Bills,2022,1692.13965651146,1675.57077009781,20230481,7299886,18982654,4501683,29350967,80365671,16458562,12078022,24091768,18151730,26310989,97091071
24,Panthers,2022,1467.39642446248,1461.85282712266,20461726,3829960,12882679,5253310,33291588,75719263,11405978,9462303,23312667,6802770,16752502,67736220
25,Rams,2022,1422.36304980567,1437.90540290406,16649944,2816993,28497273,5474116,20272409,73710735,42719120,9516649,5686025,6950860,30915195,95787849
26,Seahawks,2022,1499.87760577214,1451.91036534104,5309222,9510195,23912230,7941161,23568919,70241727,24351722,16138952,10206077,18131252,7838060,76666063
27,Eagles,2022,1647.91383327451,1633.8045364841,5008230,5245906,13659798,6148811,37545173,67607918,30816368,21673435,6090121,5344794,17532680,81457398
28,Texans,2022,1312.06682267482,1311.25758233351,3856318,5480218,16068691,3710583,37408894,66524704,7425859,15929240,12683243,9515023,16819387,62372752
29,Falcons,2022,1440.71648036454,1371.52749944931,6303695,4894510,9535858,10678128,32848444,64260635,18104464,6077102,4917321,4468126,14033033,47600046
30,Bears,2022,1320.72472886436,1311.92341071251,6917413,4900984,11115639,5756091,27473483,56163610,11799311,5649095,6862834,20336001,5518865,50166106
31,Steelers,2022,1553.19638806703,1545.15144157718,10257801,5678067,15219777,3360462,18038971,52555078,35843671,27954767,16767187,13290212,16048278,109904115
